date,title,geo_lat,geo_lon,connecting_railway,operator,railway,station_code
2019-07-16 14:00:00+09:00,大師前,35.77895,139.78165,0,Tobu,Tobu.Daishi,TS-51
2019-07-16 14:00:00+09:00,西新井,35.77728,139.79037,1,Tobu,Tobu.Daishi,TS-13
2018-07-27 16:00:00+09:00,八千代緑が丘,,,0,ToyoRapid,ToyoRapid.ToyoRapid,TR06
2018-07-30 17:00:00+09:00,修善寺,,,0,IzuHakone,IzuHakone.Sunzu,IS13
2018-07-30 17:00:00+09:00,伊豆急下田,,,0,Izukyu,Izukyu.Izukyu,IZ16
2018-08-10 13:00:00+09:00,新柴又,,,0,Hokuso,Hokuso.Hokuso,HS01
2018-07-27 16:00:00+09:00,元町・中華街,,,0,Minatomirai,Minatomirai.Minatomirai,MM06
2018-08-03 18:00:00+09:00,箱根湯本,,,1,HakoneTozan,HakoneTozan.HakoneTozan,OH51
2018-08-03 18:00:00+09:00,御殿場,,,0,JR-Central,JR-Central.Gotemba,CB10
2018-07-27 16:00:00+09:00,会津高原尾瀬口,,,0,Yagan,Yagan.AizuKinugawa,
2019-07-16 14:00:00+09:00,県,36.29062,139.47236,0,Tobu,Tobu.Isesaki,TI-12
2019-02-18 15:00:00+09:00,十日町,,,1,Hokuetsu,Hokuetsu.Hokuhoku,
2019-07-16 14:00:00+09:00,足利市,36.32944,139.44818,0,Tobu,Tobu.Isesaki,TI-15
2019-04-25 16:00:00+09:00,千葉中央,35.607662,140.118142,1,Keisei,Keisei.Chiba,KS60
2019-04-25 16:00:00+09:00,京成千葉,35.611726,140.114365,1,Keisei,Keisei.Chiba,KS59
2019-04-25 16:00:00+09:00,京成稲毛,35.637783,140.085494,0,Keisei,Keisei.Chiba,KS55
2019-04-25 16:00:00+09:00,西登戸,35.617588,140.102729,0,Keisei,Keisei.Chiba,KS57
2019-04-25 16:00:00+09:00,京成幕張本郷,35.672411,140.042255,1,Keisei,Keisei.Chiba,KS52
2018-07-27 16:00:00+09:00,鳩ヶ谷,,,0,SaitamaRailway,SaitamaRailway.SaitamaRailway,SR22
2019-04-25 16:00:00+09:00,京成幕張,35.660742,140.055609,0,Keisei,Keisei.Chiba,KS53
2018-08-31 15:00:00+09:00,出雲市,,,0,JR-West,JR-West.Sanin,
2019-04-25 16:00:00+09:00,京成津田沼,35.683658,140.024426,1,Keisei,Keisei.Chiba,KS26
2019-04-25 16:00:00+09:00,検見川,35.652617,140.066279,0,Keisei,Keisei.Chiba,KS54
2019-04-25 16:00:00+09:00,みどり台,35.624777,140.097682,0,Keisei,Keisei.Chiba,KS56
2018-07-27 16:00:00+09:00,会津田島,,,0,Aizu,Aizu.Aizu,
2019-04-25 16:00:00+09:00,新千葉,35.612444,140.108251,0,Keisei,Keisei.Chiba,KS58
2019-04-25 16:00:00+09:00,千葉中央,35.607662,140.118143,1,Keisei,Keisei.Chihara,KS60
2019-04-25 16:00:00+09:00,千葉寺,35.590251,140.132536,0,Keisei,Keisei.Chihara,KS61
2019-04-25 16:00:00+09:00,ちはら台,35.534197,140.170204,0,Keisei,Keisei.Chihara,KS65
2019-04-25 16:00:00+09:00,学園前,35.560812,140.158439,0,Keisei,Keisei.Chihara,KS63
2019-04-25 16:00:00+09:00,大森台,35.584165,140.149406,0,Keisei,Keisei.Chihara,KS62
2019-04-25 16:00:00+09:00,おゆみ野,35.550143,140.166,0,Keisei,Keisei.Chihara,KS64
2019-04-25 16:00:00+09:00,東成田,35.769718,140.387182,1,Keisei,Keisei.HigashiNarita,KS44
2019-04-25 16:00:00+09:00,京成成田,35.776724,140.315562,1,Keisei,Keisei.HigashiNarita,KS40
2019-04-25 16:00:00+09:00,京成金町,35.768588,139.870429,0,Keisei,Keisei.Kanamachi,KS51
2019-04-25 16:00:00+09:00,京成高砂,35.750863,139.867319,1,Keisei,Keisei.Kanamachi,KS10
2019-04-25 16:00:00+09:00,柴又,35.756815,139.875644,0,Keisei,Keisei.Kanamachi,KS50
2019-04-25 16:00:00+09:00,青砥,35.746192,139.856656,1,Keisei,Keisei.Main,KS09
2019-04-25 16:00:00+09:00,大神宮下,35.694069,139.991393,0,Keisei,Keisei.Main,KS23
2019-04-25 16:00:00+09:00,江戸川,35.737736,139.896203,0,Keisei,Keisei.Main,KS12
2019-04-25 16:00:00+09:00,船橋競馬場,35.689729,139.997795,0,Keisei,Keisei.Main,KS24
2019-04-25 16:00:00+09:00,東中山,35.71441,139.952875,0,Keisei,Keisei.Main,KS19
2019-04-25 16:00:00+09:00,堀切菖蒲園,35.74764,139.827618,0,Keisei,Keisei.Main,KS07
2019-04-25 16:00:00+09:00,市川真間,35.731424,139.911502,1,Keisei,Keisei.Main,KS14
2019-04-25 16:00:00+09:00,海神,35.705877,139.972162,0,Keisei,Keisei.Main,KS21
2019-04-25 16:00:00+09:00,勝田台,35.71538,140.126464,1,Keisei,Keisei.Main,KS31
2019-04-25 16:00:00+09:00,京成船橋,35.700183,139.985473,0,Keisei,Keisei.Main,KS22
2019-04-25 16:00:00+09:00,京成小岩,35.742086,139.883988,0,Keisei,Keisei.Main,KS11
2019-04-25 16:00:00+09:00,京成中山,35.716745,139.944878,0,Keisei,Keisei.Main,KS18
2019-03-26 11:00:00+09:00,琴平,,,0,JR-Shikoku,JR-Shikoku.Dosan,
2018-07-27 16:00:00+09:00,長瀞,,,0,Chichibu,Chichibu.Chichibu,
2019-04-25 16:00:00+09:00,京成成田,35.776725,140.315562,1,Keisei,Keisei.Main,KS40
2019-04-25 16:00:00+09:00,京成西船,35.711507,139.958619,1,Keisei,Keisei.Main,KS20
2018-07-27 16:00:00+09:00,三峰口,,,0,Chichibu,Chichibu.Chichibu,
2019-04-25 16:00:00+09:00,京成大久保,35.685891,140.047993,0,Keisei,Keisei.Main,KS27
2019-04-25 16:00:00+09:00,京成大和田,35.712328,140.108625,0,Keisei,Keisei.Main,KS30
2019-04-25 16:00:00+09:00,京成佐倉,35.725197,140.229675,0,Keisei,Keisei.Main,KS35
2019-04-25 16:00:00+09:00,京成関屋,35.744041,139.811642,1,Keisei,Keisei.Main,KS06
2019-04-25 16:00:00+09:00,京成酒々井,35.736894,140.270124,0,Keisei,Keisei.Main,KS37
2019-04-25 16:00:00+09:00,京成高砂,35.750863,139.867319,1,Keisei,Keisei.Main,KS10
2019-07-16 14:00:00+09:00,伊勢崎,36.32642,139.19495,1,Tobu,Tobu.Isesaki,TI-25
2019-04-25 16:00:00+09:00,京成津田沼,35.683657,140.024426,1,Keisei,Keisei.Main,KS26
2019-04-25 16:00:00+09:00,京成上野,35.718123,139.777882,1,Keisei,Keisei.Main,KS01
2019-04-25 16:00:00+09:00,京成臼井,35.729932,140.180737,0,Keisei,Keisei.Main,KS34
2019-04-25 16:00:00+09:00,京成八幡,35.723864,139.928058,1,Keisei,Keisei.Main,KS16
2019-04-25 16:00:00+09:00,国府台,35.736507,139.902403,0,Keisei,Keisei.Main,KS13
2019-04-25 16:00:00+09:00,公津の杜,35.760467,140.295157,0,Keisei,Keisei.Main,KS39
2018-07-27 16:00:00+09:00,東葉勝田台,,,1,ToyoRapid,ToyoRapid.ToyoRapid,TR09
2019-04-25 16:00:00+09:00,町屋,35.742341,139.781527,1,Keisei,Keisei.Main,KS04
2019-04-25 16:00:00+09:00,実籾,35.686958,140.068527,0,Keisei,Keisei.Main,KS28
2019-04-25 16:00:00+09:00,成田空港,35.765166,140.384531,1,Keisei,Keisei.Main,KS42
2019-04-25 16:00:00+09:00,空港第２ビル,35.771874,140.382936,1,Keisei,Keisei.Main,KS41
2019-04-25 16:00:00+09:00,日暮里,35.72818,139.771153,1,Keisei,Keisei.Main,KS02
2019-04-25 16:00:00+09:00,お花茶屋,35.747539,139.840253,0,Keisei,Keisei.Main,KS08
2018-08-31 15:00:00+09:00,高松,,,0,JR-Shikoku,JR-Shikoku.SetoOhashi,
2019-04-25 16:00:00+09:00,鬼越,35.720037,139.937201,0,Keisei,Keisei.Main,KS17
2019-04-25 16:00:00+09:00,大佐倉,35.729941,140.250751,0,Keisei,Keisei.Main,KS36
2019-04-25 16:00:00+09:00,千住大橋,35.742383,139.796762,0,Keisei,Keisei.Main,KS05
2019-04-25 16:00:00+09:00,新三河島,35.737193,139.773934,0,Keisei,Keisei.Main,KS03
2019-04-25 16:00:00+09:00,志津,35.718023,140.145309,0,Keisei,Keisei.Main,KS32
2019-04-25 16:00:00+09:00,宗吾参道,35.752384,140.280692,0,Keisei,Keisei.Main,KS38
2019-04-25 16:00:00+09:00,菅野,35.728221,139.919547,0,Keisei,Keisei.Main,KS15
2019-04-25 16:00:00+09:00,八千代台,35.701424,140.090858,0,Keisei,Keisei.Main,KS29
2019-04-25 16:00:00+09:00,谷津,35.685366,140.007483,0,Keisei,Keisei.Main,KS25
2019-04-25 16:00:00+09:00,ユーカリが丘,35.721787,140.1563,0,Keisei,Keisei.Main,KS33
2018-07-27 16:00:00+09:00,河口湖,,,0,Fujikyu,Fujikyu.Fujikyu,FJ18
2019-04-25 16:00:00+09:00,千葉ニュータウン中央,35.800158,140.116092,1,Keisei,Keisei.NaritaSkyAccess,
2019-04-25 16:00:00+09:00,東松戸,35.769889,139.942889,1,Keisei,Keisei.NaritaSkyAccess,
2019-04-25 16:00:00+09:00,印旛日本医大,35.787575,140.203344,1,Keisei,Keisei.NaritaSkyAccess,
2019-04-25 16:00:00+09:00,京成高砂,35.750863,139.86732,1,Keisei,Keisei.NaritaSkyAccess,KS10
2019-04-25 16:00:00+09:00,成田空港,35.765167,140.38453,1,Keisei,Keisei.NaritaSkyAccess,KS42
2019-04-25 16:00:00+09:00,空港第２ビル,35.771874,140.382936,1,Keisei,Keisei.NaritaSkyAccess,KS41
2019-04-25 16:00:00+09:00,成田湯川,35.799523,140.291219,0,Keisei,Keisei.NaritaSkyAccess,KS43
2018-07-30 17:00:00+09:00,伊豆高原,,,0,Izukyu,Izukyu.Izukyu,IZ06
2018-07-27 16:00:00+09:00,浦和美園,,,0,SaitamaRailway,SaitamaRailway.SaitamaRailway,SR26
2018-07-27 16:00:00+09:00,芝山千代田,,,0,Shibayama,Shibayama.Shibayama,SR01
2018-07-27 16:00:00+09:00,松戸,,,1,ShinKeisei,ShinKeisei.ShinKeisei,SL01
2019-04-25 16:00:00+09:00,新鎌ヶ谷,35.7796,139.998535,1,Keisei,Keisei.NaritaSkyAccess,
2019-04-25 16:00:00+09:00,青砥,35.746192,139.856656,1,Keisei,Keisei.Oshiage,KS09
2018-08-08 16:00:00+09:00,大洗,,,0,KashimaRinkai,KashimaRinkai.OaraiKashima,
2019-04-25 16:00:00+09:00,京成曳舟,35.71861,139.819275,0,Keisei,Keisei.Oshiage,KS46
2019-04-25 16:00:00+09:00,京成立石,35.738325,139.848596,0,Keisei,Keisei.Oshiage,KS49
2019-04-25 16:00:00+09:00,押上(スカイツリー前),35.711188,139.813995,1,Keisei,Keisei.Oshiage,KS45
2019-04-25 16:00:00+09:00,八広,35.727362,139.828474,0,Keisei,Keisei.Oshiage,KS47
2019-04-25 16:00:00+09:00,四ツ木,35.731779,139.834773,0,Keisei,Keisei.Oshiage,KS48
2019-07-16 14:00:00+09:00,福居,36.30521,139.45867,0,Tobu,Tobu.Isesaki,TI-13
2019-07-16 14:00:00+09:00,剛志,36.29542,139.22388,0,Tobu,Tobu.Isesaki,TI-23
2019-07-16 14:00:00+09:00,花崎,36.10994,139.63359,0,Tobu,Tobu.Isesaki,TI-04
2019-07-16 14:00:00+09:00,羽生,36.17007,139.53403,1,Tobu,Tobu.Isesaki,TI-07
2019-07-16 14:00:00+09:00,細谷,36.28297,139.34899,0,Tobu,Tobu.Isesaki,TI-19
2019-05-27 16:00:00+09:00,春日居町,35.67321,138.65881,0,JR-East,JR-East.Chuo,
2019-05-27 16:00:00+09:00,日野春,35.79041,138.3941,0,JR-East,JR-East.Chuo,
2019-07-16 14:00:00+09:00,川俣,36.20888,139.52651,0,Tobu,Tobu.Isesaki,TI-08
2019-07-16 14:00:00+09:00,加須,36.12295,139.59556,0,Tobu,Tobu.Isesaki,TI-05
2019-07-16 14:00:00+09:00,木崎,36.27139,139.313,0,Tobu,Tobu.Isesaki,TI-20
2019-07-16 14:00:00+09:00,久喜,36.06555,139.67761,1,Tobu,Tobu.Isesaki,TI-02
2019-07-16 14:00:00+09:00,南羽生,36.14962,139.55696,0,Tobu,Tobu.Isesaki,TI-06
2019-07-16 14:00:00+09:00,茂林寺前,36.22635,139.52705,0,Tobu,Tobu.Isesaki,TI-09
2019-07-16 14:00:00+09:00,韮川,36.30822,139.40251,0,Tobu,Tobu.Isesaki,TI-17
2019-07-16 14:00:00+09:00,太田,36.29421,139.37877,1,Tobu,Tobu.Isesaki,TI-18
2019-07-16 14:00:00+09:00,境町,36.27716,139.25626,0,Tobu,Tobu.Isesaki,TI-22
2019-07-16 14:00:00+09:00,世良田,36.27294,139.28197,0,Tobu,Tobu.Isesaki,TI-21
2019-07-16 14:00:00+09:00,新伊勢崎,36.31809,139.20182,0,Tobu,Tobu.Isesaki,TI-24
2019-07-16 14:00:00+09:00,多々良,36.27368,139.50032,0,Tobu,Tobu.Isesaki,TI-11
2019-07-16 14:00:00+09:00,館林,36.24662,139.52781,1,Tobu,Tobu.Isesaki,TI-10
2019-07-16 14:00:00+09:00,東武動物公園,36.0247,139.72689,1,Tobu,Tobu.Isesaki,TS-30
2019-07-16 14:00:00+09:00,東武和泉,36.31565,139.45509,0,Tobu,Tobu.Isesaki,TI-14
2019-07-16 14:00:00+09:00,和戸,36.03964,139.7011,0,Tobu,Tobu.Isesaki,TI-01
2019-07-16 14:00:00+09:00,鷲宮,36.09633,139.65696,0,Tobu,Tobu.Isesaki,TI-03
2019-07-16 14:00:00+09:00,野州山辺,36.32629,139.43201,0,Tobu,Tobu.Isesaki,TI-16
2019-07-16 14:00:00+09:00,東あずま,35.70738,139.8316,0,Tobu,Tobu.Kameido,TS-42
2019-07-16 14:00:00+09:00,曳舟,35.71851,139.81667,1,Tobu,Tobu.Kameido,TS-04
2019-07-16 14:00:00+09:00,亀戸水神,35.69994,139.83339,0,Tobu,Tobu.Kameido,TS-43
2019-07-16 14:00:00+09:00,亀戸,35.69773,139.8272,1,Tobu,Tobu.Kameido,TS-44
2019-07-16 14:00:00+09:00,小村井,35.71032,139.82761,0,Tobu,Tobu.Kameido,TS-41
2019-07-16 14:00:00+09:00,大谷向,36.73228,139.69194,0,Tobu,Tobu.Kinugawa,TN-51
2019-07-16 14:00:00+09:00,鬼怒川公園,36.84158,139.72282,0,Tobu,Tobu.Kinugawa,TN-57
2019-07-16 14:00:00+09:00,鬼怒川温泉,36.82252,139.71668,0,Tobu,Tobu.Kinugawa,TN-56
2019-07-16 14:00:00+09:00,小佐越,36.80224,139.7065,0,Tobu,Tobu.Kinugawa,TN-54
2019-07-16 14:00:00+09:00,大桑,36.76082,139.71358,0,Tobu,Tobu.Kinugawa,TN-52
2019-07-16 14:00:00+09:00,下今市,36.7256,139.69277,1,Tobu,Tobu.Kinugawa,TN-23
2019-07-16 14:00:00+09:00,新藤原,36.85246,139.73301,1,Tobu,Tobu.Kinugawa,TN-58
2019-07-16 14:00:00+09:00,新高徳,36.77977,139.71071,0,Tobu,Tobu.Kinugawa,TN-53
2019-07-16 14:00:00+09:00,東武ワールドスクウェア,36.80833,139.70889,0,Tobu,Tobu.Kinugawa,TN-55
2019-07-16 14:00:00+09:00,相老,36.41064,139.30392,0,Tobu,Tobu.Kiryu,TI-56
2019-07-16 14:00:00+09:00,赤城,36.42562,139.27678,0,Tobu,Tobu.Kiryu,TI-57
2019-07-16 14:00:00+09:00,阿左美,36.38509,139.30653,0,Tobu,Tobu.Kiryu,TI-54
2019-07-16 14:00:00+09:00,治良門橋,36.33302,139.34137,0,Tobu,Tobu.Kiryu,TI-52
2019-07-16 14:00:00+09:00,太田,36.29421,139.37877,1,Tobu,Tobu.Kiryu,TI-18
2019-07-16 14:00:00+09:00,三枚橋,36.3134,139.35497,0,Tobu,Tobu.Kiryu,TI-51
2019-07-16 14:00:00+09:00,新桐生,36.39505,139.32009,0,Tobu,Tobu.Kiryu,TI-55
2019-05-27 16:00:00+09:00,勝沼ぶどう郷,35.67266,138.74296,0,JR-East,JR-East.Chuo,
2019-07-16 14:00:00+09:00,藪塚,36.35872,139.31582,0,Tobu,Tobu.Kiryu,TI-53
2019-07-16 14:00:00+09:00,東小泉,36.25972,139.42856,1,Tobu,Tobu.Koizumi,TI-44
2019-07-16 14:00:00+09:00,本中野,36.25845,139.46954,0,Tobu,Tobu.Koizumi,TI-42
2019-07-16 14:00:00+09:00,小泉町,36.26153,139.42025,0,Tobu,Tobu.Koizumi,TI-45
2019-07-16 14:00:00+09:00,成島,36.24908,139.50557,0,Tobu,Tobu.Koizumi,TI-41
2019-07-16 14:00:00+09:00,西小泉,36.25866,139.40851,0,Tobu,Tobu.Koizumi,TI-46
2019-07-16 14:00:00+09:00,篠塚,36.25681,139.44609,0,Tobu,Tobu.Koizumi,TI-43
2019-07-16 14:00:00+09:00,館林,36.24662,139.52781,1,Tobu,Tobu.Koizumi,TI-10
2019-07-16 14:00:00+09:00,東小泉,36.25972,139.42856,1,Tobu,Tobu.KoizumiBranch,TI-44
2019-07-16 14:00:00+09:00,太田,36.29421,139.37877,1,Tobu,Tobu.KoizumiBranch,TI-18
2019-07-16 14:00:00+09:00,竜舞,36.27885,139.4091,0,Tobu,Tobu.KoizumiBranch,TI-47
2019-07-16 14:00:00+09:00,藤岡,36.25559,139.6456,0,Tobu,Tobu.Nikko,TN-08
2019-07-16 14:00:00+09:00,家中,36.42979,139.74745,0,Tobu,Tobu.Nikko,TN-14
2019-07-16 14:00:00+09:00,板荷,36.6194,139.70778,0,Tobu,Tobu.Nikko,TN-20
2019-07-16 14:00:00+09:00,板倉東洋大前,36.2222,139.64862,0,Tobu,Tobu.Nikko,TN-07
2019-07-16 14:00:00+09:00,上今市,36.72801,139.68086,0,Tobu,Tobu.Nikko,TN-24
2019-07-16 14:00:00+09:00,合戦場,36.40758,139.74102,0,Tobu,Tobu.Nikko,TN-13
2019-07-16 14:00:00+09:00,北鹿沼,36.58068,139.73776,0,Tobu,Tobu.Nikko,TN-19
2019-07-16 14:00:00+09:00,栗橋,36.13785,139.69403,1,Tobu,Tobu.Nikko,TN-04
2019-07-16 14:00:00+09:00,南栗橋,36.11314,139.71283,0,Tobu,Tobu.Nikko,TN-03
2019-07-16 14:00:00+09:00,樅山,36.53333,139.74174,0,Tobu,Tobu.Nikko,TN-17
2019-07-16 14:00:00+09:00,明神,36.67656,139.71221,0,Tobu,Tobu.Nikko,TN-22
2019-07-16 14:00:00+09:00,楡木,36.50688,139.74527,0,Tobu,Tobu.Nikko,TN-16
2019-07-16 14:00:00+09:00,幸手,36.07407,139.71491,0,Tobu,Tobu.Nikko,TN-02
2019-07-16 14:00:00+09:00,下小代,36.65111,139.71395,0,Tobu,Tobu.Nikko,TN-21
2019-07-16 14:00:00+09:00,下今市,36.7256,139.69277,1,Tobu,Tobu.Nikko,TN-23
2019-07-16 14:00:00+09:00,新鹿沼,36.55683,139.74478,0,Tobu,Tobu.Nikko,TN-18
2019-07-16 14:00:00+09:00,新古河,36.1927,139.68702,0,Tobu,Tobu.Nikko,TN-05
2019-07-16 14:00:00+09:00,新大平下,36.33897,139.70187,0,Tobu,Tobu.Nikko,TN-10
2019-07-16 14:00:00+09:00,新栃木,36.39006,139.74235,1,Tobu,Tobu.Nikko,TN-12
2019-07-16 14:00:00+09:00,静和,36.31653,139.68493,0,Tobu,Tobu.Nikko,TN-09
2019-07-16 14:00:00+09:00,杉戸高野台,36.05135,139.71454,0,Tobu,Tobu.Nikko,TN-01
2019-07-16 14:00:00+09:00,東武動物公園,36.0247,139.72689,1,Tobu,Tobu.Nikko,TS-30
2019-07-16 14:00:00+09:00,東武金崎,36.4663,139.74948,0,Tobu,Tobu.Nikko,TN-15
2019-04-25 16:00:00+09:00,萩山,35.7404,139.47745,1,Seibu,Seibu.Haijima,SS30
2019-04-25 16:00:00+09:00,拝島,35.72121,139.34436,1,Seibu,Seibu.Haijima,SS36
2019-04-25 16:00:00+09:00,東大和市,35.73286,139.43432,0,Seibu,Seibu.Haijima,SS32
2019-07-16 14:00:00+09:00,東武日光,36.74809,139.61993,1,Tobu,Tobu.Nikko,TN-25
2019-04-25 16:00:00+09:00,小平,35.73701,139.48829,1,Seibu,Seibu.Haijima,SS19
2019-04-25 16:00:00+09:00,武蔵砂川,35.72902,139.39223,0,Seibu,Seibu.Haijima,SS34
2019-04-25 16:00:00+09:00,小川,35.73748,139.46353,1,Seibu,Seibu.Haijima,SS31
2018-08-10 13:00:00+09:00,印旛日本医大,,,1,Hokuso,Hokuso.Hokuso,HS14
2019-04-25 16:00:00+09:00,西武立川,35.72611,139.37026,0,Seibu,Seibu.Haijima,SS35
2019-04-25 16:00:00+09:00,玉川上水,35.73192,139.41825,0,Seibu,Seibu.Haijima,SS33
2019-04-25 16:00:00+09:00,吾野,35.90841,139.22671,1,Seibu,Seibu.Ikebukuro,SI31
2019-04-25 16:00:00+09:00,秋津,35.77829,139.49674,1,Seibu,Seibu.Ikebukuro,SI16
2019-04-25 16:00:00+09:00,仏子,35.83787,139.36003,0,Seibu,Seibu.Ikebukuro,SI24
2019-04-25 16:00:00+09:00,江古田,35.73736,139.67275,0,Seibu,Seibu.Ikebukuro,SI04
2019-04-25 16:00:00+09:00,富士見台,35.7359,139.63,0,Seibu,Seibu.Ikebukuro,SI08
2019-04-25 16:00:00+09:00,飯能,35.85102,139.31904,0,Seibu,Seibu.Ikebukuro,SI26
2019-04-25 16:00:00+09:00,ひばりヶ丘,35.75157,139.54552,0,Seibu,Seibu.Ikebukuro,SI13
2019-04-25 16:00:00+09:00,東吾野,35.89199,139.26068,0,Seibu,Seibu.Ikebukuro,SI30
2019-04-25 16:00:00+09:00,東飯能,35.85262,139.32593,1,Seibu,Seibu.Ikebukuro,SI27
2019-04-25 16:00:00+09:00,東久留米,35.76031,139.53393,0,Seibu,Seibu.Ikebukuro,SI14
2019-04-25 16:00:00+09:00,東長崎,35.73021,139.68301,0,Seibu,Seibu.Ikebukuro,SI03
2019-04-25 16:00:00+09:00,保谷,35.74832,139.56754,0,Seibu,Seibu.Ikebukuro,SI12
2019-04-25 16:00:00+09:00,池袋,35.72888,139.71171,1,Seibu,Seibu.Ikebukuro,SI01
2019-07-16 14:00:00+09:00,三軒茶屋,35.644147,139.669257,1,Tokyu,Tokyu.Setagaya,SG1
2019-04-25 16:00:00+09:00,稲荷山公園,35.84514,139.3984,0,Seibu,Seibu.Ikebukuro,SI22
2019-04-25 16:00:00+09:00,入間市,35.84196,139.38953,0,Seibu,Seibu.Ikebukuro,SI23
2019-04-25 16:00:00+09:00,清瀬,35.77212,139.5199,0,Seibu,Seibu.Ikebukuro,SI15
2019-04-25 16:00:00+09:00,高麗,35.88166,139.30441,0,Seibu,Seibu.Ikebukuro,SI28
2019-04-25 16:00:00+09:00,小手指,35.80055,139.43801,0,Seibu,Seibu.Ikebukuro,SI19
2019-04-25 16:00:00+09:00,元加治,35.84052,139.34575,0,Seibu,Seibu.Ikebukuro,SI25
2019-04-25 16:00:00+09:00,武蔵藤沢,35.8212,139.41258,0,Seibu,Seibu.Ikebukuro,SI21
2019-04-25 16:00:00+09:00,武蔵横手,35.88536,139.28076,0,Seibu,Seibu.Ikebukuro,SI29
2019-04-25 16:00:00+09:00,中村橋,35.7368,139.63777,0,Seibu,Seibu.Ikebukuro,SI07
2019-04-25 16:00:00+09:00,練馬高野台,35.7408,139.61666,0,Seibu,Seibu.Ikebukuro,SI09
2019-04-25 16:00:00+09:00,練馬,35.73783,139.65356,1,Seibu,Seibu.Ikebukuro,SI06
2019-04-25 16:00:00+09:00,西所沢,35.78925,139.456,1,Seibu,Seibu.Ikebukuro,SI18
2019-04-25 16:00:00+09:00,大泉学園,35.74952,139.58655,0,Seibu,Seibu.Ikebukuro,SI11
2019-05-27 16:00:00+09:00,相模湖,35.61712,139.18848,0,JR-East,JR-East.Chuo,
2019-04-25 16:00:00+09:00,桜台,35.73875,139.66241,0,Seibu,Seibu.Ikebukuro,SI05
2019-04-25 16:00:00+09:00,狭山ヶ丘,35.81044,139.41674,0,Seibu,Seibu.Ikebukuro,SI20
2019-04-25 16:00:00+09:00,石神井公園,35.74353,139.60702,0,Seibu,Seibu.Ikebukuro,SI10
2019-04-25 16:00:00+09:00,椎名町,35.7266,139.69483,0,Seibu,Seibu.Ikebukuro,SI02
2019-04-25 16:00:00+09:00,西武球場前,35.77041,139.41879,1,Seibu,Seibu.Sayama,SI41
2019-04-25 16:00:00+09:00,所沢,35.78619,139.47328,1,Seibu,Seibu.Ikebukuro,SI17
2019-04-25 16:00:00+09:00,東村山,35.76048,139.46585,1,Seibu,Seibu.Kokubunji,SK05
2019-04-25 16:00:00+09:00,恋ヶ窪,35.71092,139.46414,0,Seibu,Seibu.Kokubunji,SK02
2019-04-25 16:00:00+09:00,国分寺,35.70032,139.48011,1,Seibu,Seibu.Kokubunji,SK01
2019-04-25 16:00:00+09:00,小川,35.73748,139.46353,1,Seibu,Seibu.Kokubunji,SK04
2019-04-25 16:00:00+09:00,鷹の台,35.72339,139.46104,0,Seibu,Seibu.Kokubunji,SK03
2019-04-25 16:00:00+09:00,西所沢,35.78925,139.456,1,Seibu,Seibu.Sayama,SI18
2019-04-25 16:00:00+09:00,下山口,35.77935,139.44084,0,Seibu,Seibu.Sayama,SI40
2018-08-10 13:00:00+09:00,印西牧の原,,,0,Hokuso,Hokuso.Hokuso,HS13
2019-05-27 16:00:00+09:00,小山,36.31261,139.80618,0,JR-East,JR-East.Mito,
2019-04-25 16:00:00+09:00,吾野,35.90841,139.22671,1,Seibu,Seibu.SeibuChichibu,SI31
2019-04-25 16:00:00+09:00,芦ヶ久保,35.97646,139.13597,0,Seibu,Seibu.SeibuChichibu,SI34
2019-04-25 16:00:00+09:00,西吾野,35.92636,139.20218,0,Seibu,Seibu.SeibuChichibu,SI32
2019-04-25 16:00:00+09:00,西武秩父,35.98991,139.08346,1,Seibu,Seibu.SeibuChichibu,SI36
2019-04-25 16:00:00+09:00,正丸,35.93823,139.18208,0,Seibu,Seibu.SeibuChichibu,SI33
2019-04-25 16:00:00+09:00,横瀬,35.98547,139.09782,0,Seibu,Seibu.SeibuChichibu,SI35
2019-04-25 16:00:00+09:00,小竹向原,35.74379,139.67857,1,Seibu,Seibu.SeibuYurakucho,SI37
2019-04-25 16:00:00+09:00,練馬,35.73783,139.65356,1,Seibu,Seibu.SeibuYurakucho,SI06
2019-04-25 16:00:00+09:00,新桜台,35.7407,139.66829,0,Seibu,Seibu.SeibuYurakucho,SI38
2019-04-25 16:00:00+09:00,東村山,35.76048,139.46585,1,Seibu,Seibu.Seibuen,SK05
2019-04-25 16:00:00+09:00,西武園,35.7678,139.44883,0,Seibu,Seibu.Seibuen,SK06
2019-04-25 16:00:00+09:00,新井薬師前,35.71572,139.67189,0,Seibu,Seibu.Shinjuku,SS05
2019-04-25 16:00:00+09:00,花小金井,35.72612,139.51322,0,Seibu,Seibu.Shinjuku,SS18
2019-04-25 16:00:00+09:00,東伏見,35.72866,139.56423,0,Seibu,Seibu.Shinjuku,SS15
2019-04-25 16:00:00+09:00,東村山,35.76048,139.46585,1,Seibu,Seibu.Shinjuku,SS21
2019-04-25 16:00:00+09:00,本川越,35.9141,139.48138,0,Seibu,Seibu.Shinjuku,SS29
2019-04-25 16:00:00+09:00,井荻,35.72454,139.61465,0,Seibu,Seibu.Shinjuku,SS11
2019-04-25 16:00:00+09:00,入曽,35.83247,139.42729,0,Seibu,Seibu.Shinjuku,SS25
2019-04-25 16:00:00+09:00,上井草,35.72511,139.60357,0,Seibu,Seibu.Shinjuku,SS12
2019-04-25 16:00:00+09:00,上石神井,35.72623,139.59208,0,Seibu,Seibu.Shinjuku,SS13
2019-04-25 16:00:00+09:00,小平,35.73701,139.48829,1,Seibu,Seibu.Shinjuku,SS19
2019-04-25 16:00:00+09:00,航空公園,35.7984,139.4657,0,Seibu,Seibu.Shinjuku,SS23
2019-04-25 16:00:00+09:00,久米川,35.74962,139.47268,0,Seibu,Seibu.Shinjuku,SS20
2019-04-25 16:00:00+09:00,南大塚,35.88979,139.45431,0,Seibu,Seibu.Shinjuku,SS28
2019-04-25 16:00:00+09:00,武蔵関,35.72753,139.57689,0,Seibu,Seibu.Shinjuku,SS14
2019-04-25 16:00:00+09:00,中井,35.71505,139.68725,1,Seibu,Seibu.Shinjuku,SS04
2019-04-25 16:00:00+09:00,野方,35.71958,139.65271,0,Seibu,Seibu.Shinjuku,SS07
2019-04-25 16:00:00+09:00,沼袋,35.71938,139.66385,0,Seibu,Seibu.Shinjuku,SS06
2019-04-25 16:00:00+09:00,鷺ノ宮,35.72251,139.63893,0,Seibu,Seibu.Shinjuku,SS09
2019-04-25 16:00:00+09:00,狭山市,35.85692,139.41301,0,Seibu,Seibu.Shinjuku,SS26
2019-04-25 16:00:00+09:00,西武新宿,35.69624,139.7,1,Seibu,Seibu.Shinjuku,SS01
2019-04-25 16:00:00+09:00,西武柳沢,35.72862,139.55261,0,Seibu,Seibu.Shinjuku,SS16
2019-04-25 16:00:00+09:00,多磨,35.67725,139.51719,0,Seibu,Seibu.Tamagawa,SW03
2019-04-25 16:00:00+09:00,下井草,35.72387,139.62432,0,Seibu,Seibu.Shinjuku,SS10
2019-04-25 16:00:00+09:00,国分寺,35.70032,139.48011,1,Seibu,Seibu.Tamako,ST01
2019-04-25 16:00:00+09:00,下落合,35.71584,139.69515,0,Seibu,Seibu.Shinjuku,SS03
2019-04-25 16:00:00+09:00,新狭山,35.87398,139.4335,0,Seibu,Seibu.Shinjuku,SS27
2019-04-25 16:00:00+09:00,武蔵境,35.70196,139.544,1,Seibu,Seibu.Tamagawa,SW01
2019-04-25 16:00:00+09:00,新所沢,35.80675,139.45611,0,Seibu,Seibu.Shinjuku,SS24
2019-04-25 16:00:00+09:00,高田馬場,35.71297,139.70402,1,Seibu,Seibu.Shinjuku,SS02
2019-04-25 16:00:00+09:00,田無,35.72735,139.53925,0,Seibu,Seibu.Shinjuku,SS17
2019-04-25 16:00:00+09:00,所沢,35.78619,139.47328,1,Seibu,Seibu.Shinjuku,SS22
2019-04-25 16:00:00+09:00,都立家政,35.72225,139.64458,0,Seibu,Seibu.Shinjuku,SS08
2019-04-25 16:00:00+09:00,是政,35.65631,139.48876,0,Seibu,Seibu.Tamagawa,SW06
2019-04-25 16:00:00+09:00,競艇場前,35.65608,139.49957,0,Seibu,Seibu.Tamagawa,SW05
2019-04-25 16:00:00+09:00,新小金井,35.69586,139.52653,0,Seibu,Seibu.Tamagawa,SW02
2019-04-25 16:00:00+09:00,白糸台,35.6665,139.50986,1,Seibu,Seibu.Tamagawa,SW04
2019-04-25 16:00:00+09:00,萩山,35.7404,139.47745,1,Seibu,Seibu.Tamako,ST04
2019-04-25 16:00:00+09:00,一橋学園,35.72215,139.48007,0,Seibu,Seibu.Tamako,ST02
2019-04-25 16:00:00+09:00,武蔵大和,35.75637,139.44416,0,Seibu,Seibu.Tamako,ST06
2019-04-25 16:00:00+09:00,青梅街道,35.7306,139.47654,0,Seibu,Seibu.Tamako,ST03
2019-04-25 16:00:00+09:00,西武遊園地,35.76597,139.44263,1,Seibu,Seibu.Tamako,ST07
2019-04-25 16:00:00+09:00,八坂,35.74512,139.46745,0,Seibu,Seibu.Tamako,ST05
2019-04-25 16:00:00+09:00,練馬,35.73783,139.65356,1,Seibu,Seibu.Toshima,SI06
2019-04-25 16:00:00+09:00,豊島園,35.74193,139.64792,1,Seibu,Seibu.Toshima,SI39
2019-04-25 16:00:00+09:00,西武遊園地,35.76597,139.44263,1,Seibu,Seibu.Yamaguchi,SY01
2019-04-25 16:00:00+09:00,西武球場前,35.77041,139.41879,1,Seibu,Seibu.Yamaguchi,SY03
2019-04-25 16:00:00+09:00,遊園地西,35.7694,139.43999,0,Seibu,Seibu.Yamaguchi,SY02
2019-07-16 14:00:00+09:00,栃木,36.37167,139.73149,1,Tobu,Tobu.Nikko,TN-11
2019-05-27 16:00:00+09:00,盛岡,39.70087,141.13619,0,JR-East,JR-East.Tohoku,
2019-07-16 14:00:00+09:00,柳生,36.20659,139.65995,0,Tobu,Tobu.Nikko,TN-06
2019-05-27 16:00:00+09:00,小淵沢,35.86374,138.31633,0,JR-East,JR-East.Chuo,
2019-07-16 14:00:00+09:00,武州唐沢,35.9522,139.30928,0,Tobu,Tobu.Ogose,TJ-46
2019-07-16 14:00:00+09:00,坂戸,35.95724,139.39391,1,Tobu,Tobu.Ogose,TJ-26
2019-07-16 14:00:00+09:00,武州長瀬,35.94199,139.32619,0,Tobu,Tobu.Ogose,TJ-44
2019-05-27 16:00:00+09:00,甲府,35.66682,138.56881,0,JR-East,JR-East.Chuo,
2019-07-16 14:00:00+09:00,東毛呂,35.94715,139.31533,0,Tobu,Tobu.Ogose,TJ-45
2019-07-16 14:00:00+09:00,一本松,35.94022,139.37008,0,Tobu,Tobu.Ogose,TJ-41
2019-07-16 14:00:00+09:00,川角,35.93761,139.34648,0,Tobu,Tobu.Ogose,TJ-43
2019-07-16 14:00:00+09:00,西大家,35.93176,139.35646,0,Tobu,Tobu.Ogose,TJ-42
2019-07-16 14:00:00+09:00,越生,35.9628,139.29961,1,Tobu,Tobu.Ogose,TJ-47
2019-05-27 16:00:00+09:00,酒折,35.6596,138.59909,0,JR-East,JR-East.Chuo,
2019-07-16 14:00:00+09:00,堀米,36.32844,139.58033,0,Tobu,Tobu.Sano,TI-35
2019-07-16 14:00:00+09:00,葛生,36.39788,139.60928,0,Tobu,Tobu.Sano,TI-39
2019-07-16 14:00:00+09:00,佐野市,36.30624,139.5759,0,Tobu,Tobu.Sano,TI-33
2019-07-16 14:00:00+09:00,佐野,36.31684,139.57913,1,Tobu,Tobu.Sano,TI-34
2019-07-16 14:00:00+09:00,多田,36.37808,139.59296,0,Tobu,Tobu.Sano,TI-38
2019-07-16 14:00:00+09:00,田島,36.29022,139.56491,0,Tobu,Tobu.Sano,TI-32
2019-07-16 14:00:00+09:00,田沼,36.36707,139.58191,0,Tobu,Tobu.Sano,TI-37
2019-05-27 16:00:00+09:00,猿橋,35.61267,138.96823,0,JR-East,JR-East.Chuo,
2019-07-16 14:00:00+09:00,館林,36.24662,139.52781,1,Tobu,Tobu.Sano,TI-10
2019-07-16 14:00:00+09:00,渡瀬,36.26184,139.53748,0,Tobu,Tobu.Sano,TI-31
2019-07-16 14:00:00+09:00,吉水,36.34562,139.57935,0,Tobu,Tobu.Sano,TI-36
2019-07-16 14:00:00+09:00,浅草,35.71192,139.79835,1,Tobu,Tobu.TobuSkytree,TS-01
2019-07-16 14:00:00+09:00,獨協大学前<草加松原>,35.8433,139.80067,0,Tobu,Tobu.TobuSkytree,TS-17
2019-07-16 14:00:00+09:00,蒲生,35.86689,139.79176,0,Tobu,Tobu.TobuSkytree,TS-19
2019-07-16 14:00:00+09:00,五反野,35.7659,139.80963,0,Tobu,Tobu.TobuSkytree,TS-11
2019-07-16 14:00:00+09:00,東向島,35.72436,139.81933,0,Tobu,Tobu.TobuSkytree,TS-05
2019-07-16 14:00:00+09:00,曳舟,35.71851,139.81667,1,Tobu,Tobu.TobuSkytree,TS-04
2019-07-16 14:00:00+09:00,姫宮,36.00442,139.73869,0,Tobu,Tobu.TobuSkytree,TS-29
2019-07-16 14:00:00+09:00,堀切,35.74334,139.81738,0,Tobu,Tobu.TobuSkytree,TS-07
2019-07-16 14:00:00+09:00,一ノ割,35.96487,139.76604,0,Tobu,Tobu.TobuSkytree,TS-26
2019-07-16 14:00:00+09:00,鐘ヶ淵,35.73376,139.82037,0,Tobu,Tobu.TobuSkytree,TS-06
2019-07-16 14:00:00+09:00,武里,35.94908,139.77071,0,Tobu,Tobu.TobuSkytree,TS-25
2019-07-16 14:00:00+09:00,春日部,35.98007,139.75279,1,Tobu,Tobu.TobuSkytree,TS-27
2019-07-16 14:00:00+09:00,北春日部,35.98994,139.74432,0,Tobu,Tobu.TobuSkytree,TS-28
2019-07-16 14:00:00+09:00,北越谷,35.90172,139.77987,0,Tobu,Tobu.TobuSkytree,TS-22
2019-07-16 14:00:00+09:00,北千住,35.74981,139.80556,1,Tobu,Tobu.TobuSkytree,TS-09
2019-07-16 14:00:00+09:00,越谷,35.88753,139.78624,0,Tobu,Tobu.TobuSkytree,TS-21
2019-07-16 14:00:00+09:00,小菅,35.75869,139.81265,0,Tobu,Tobu.TobuSkytree,TS-10
2019-05-27 16:00:00+09:00,笹子,35.60393,138.82533,0,JR-East,JR-East.Chuo,
2019-07-16 14:00:00+09:00,西新井,35.77728,139.79037,1,Tobu,Tobu.TobuSkytree,TS-13
2019-07-16 14:00:00+09:00,大袋,35.9246,139.77794,0,Tobu,Tobu.TobuSkytree,TS-23
2019-07-16 14:00:00+09:00,せんげん台,35.93596,139.77459,0,Tobu,Tobu.TobuSkytree,TS-24
2019-07-16 14:00:00+09:00,新越谷,35.87556,139.78981,1,Tobu,Tobu.TobuSkytree,TS-20
2019-07-16 14:00:00+09:00,新田,35.85411,139.79542,0,Tobu,Tobu.TobuSkytree,TS-18
2019-07-16 14:00:00+09:00,草加,35.82838,139.80346,0,Tobu,Tobu.TobuSkytree,TS-16
2019-07-16 14:00:00+09:00,竹ノ塚,35.79437,139.79072,0,Tobu,Tobu.TobuSkytree,TS-14
2019-07-16 14:00:00+09:00,東武動物公園,36.0247,139.72689,1,Tobu,Tobu.TobuSkytree,TS-30
2019-07-16 14:00:00+09:00,とうきょうスカイツリー,35.71047,139.80939,0,Tobu,Tobu.TobuSkytree,TS-02
2019-07-16 14:00:00+09:00,梅島,35.77235,139.79807,0,Tobu,Tobu.TobuSkytree,TS-12
2019-07-16 14:00:00+09:00,牛田,35.74454,139.81177,1,Tobu,Tobu.TobuSkytree,TS-08
2019-07-16 14:00:00+09:00,谷塚,35.81486,139.80146,0,Tobu,Tobu.TobuSkytree,TS-15
2019-07-16 14:00:00+09:00,曳舟,35.71851,139.81667,1,Tobu,Tobu.TobuSkytreeBranch,TS-04
2019-07-16 14:00:00+09:00,押上<スカイツリー前>,35.71022,139.81241,1,Tobu,Tobu.TobuSkytreeBranch,TS-03
2019-07-16 14:00:00+09:00,愛宕,35.95062,139.86462,0,Tobu,Tobu.TobuUrbanPark,TD-16
2019-07-16 14:00:00+09:00,江戸川台,35.89723,139.91053,0,Tobu,Tobu.TobuUrbanPark,TD-20
2019-07-16 14:00:00+09:00,藤の牛島,35.98034,139.77807,0,Tobu,Tobu.TobuUrbanPark,TD-11
2019-07-16 14:00:00+09:00,船橋,35.7021,139.98436,1,Tobu,Tobu.TobuUrbanPark,TD-35
2019-07-16 14:00:00+09:00,初石,35.88384,139.91791,0,Tobu,Tobu.TobuUrbanPark,TD-21
2019-07-16 14:00:00+09:00,東岩槻,35.96329,139.71227,0,Tobu,Tobu.TobuUrbanPark,TD-07
2019-07-16 14:00:00+09:00,岩槻,35.95025,139.69313,0,Tobu,Tobu.TobuUrbanPark,TD-06
2019-07-16 14:00:00+09:00,鎌ヶ谷,35.76378,139.99731,0,Tobu,Tobu.TobuUrbanPark,TD-31
2019-07-16 14:00:00+09:00,柏,35.86199,139.97046,1,Tobu,Tobu.TobuUrbanPark,TD-24
2019-07-16 14:00:00+09:00,春日部,35.98007,139.75279,1,Tobu,Tobu.TobuUrbanPark,TD-10
2019-07-16 14:00:00+09:00,川間,35.97919,139.83455,0,Tobu,Tobu.TobuUrbanPark,TD-13
2019-07-16 14:00:00+09:00,北大宮,35.91794,139.62481,0,Tobu,Tobu.TobuUrbanPark,TD-02
2019-07-16 14:00:00+09:00,馬込沢,35.74165,139.99221,0,Tobu,Tobu.TobuUrbanPark,TD-32
2019-07-16 14:00:00+09:00,増尾,35.82982,139.97632,0,Tobu,Tobu.TobuUrbanPark,TD-26
2019-07-16 14:00:00+09:00,南桜井,35.9806,139.8084,0,Tobu,Tobu.TobuUrbanPark,TD-12
2019-07-16 14:00:00+09:00,六実,35.79371,139.99925,0,Tobu,Tobu.TobuUrbanPark,TD-29
2019-07-16 14:00:00+09:00,流山おおたかの森,35.87208,139.92576,1,Tobu,Tobu.TobuUrbanPark,TD-22
2019-07-16 14:00:00+09:00,七光台,35.97085,139.85295,0,Tobu,Tobu.TobuUrbanPark,TD-14
2019-07-16 14:00:00+09:00,七里,35.93649,139.66601,0,Tobu,Tobu.TobuUrbanPark,TD-05
2019-07-16 14:00:00+09:00,野田市,35.94374,139.87079,0,Tobu,Tobu.TobuUrbanPark,TD-17
2019-05-27 16:00:00+09:00,下諏訪,36.07204,138.08523,0,JR-East,JR-East.Chuo,
2019-07-16 14:00:00+09:00,大宮公園,35.92388,139.63308,0,Tobu,Tobu.TobuUrbanPark,TD-03
2019-07-16 14:00:00+09:00,大宮,35.90775,139.62425,1,Tobu,Tobu.TobuUrbanPark,TD-01
2019-07-16 14:00:00+09:00,大和田,35.92935,139.65102,0,Tobu,Tobu.TobuUrbanPark,TD-04
2019-07-16 14:00:00+09:00,逆井,35.82328,139.9837,0,Tobu,Tobu.TobuUrbanPark,TD-27
2019-07-16 14:00:00+09:00,清水公園,35.95879,139.8603,0,Tobu,Tobu.TobuUrbanPark,TD-15
2019-07-16 14:00:00+09:00,新船橋,35.71156,139.97982,0,Tobu,Tobu.TobuUrbanPark,TD-34
2019-05-27 16:00:00+09:00,新府,35.73709,138.43317,0,JR-East,JR-East.Chuo,
2019-07-16 14:00:00+09:00,新鎌ヶ谷,35.77961,139.99836,1,Tobu,Tobu.TobuUrbanPark,TD-30
2019-07-16 14:00:00+09:00,新柏,35.8381,139.96704,0,Tobu,Tobu.TobuUrbanPark,TD-25
2019-07-16 14:00:00+09:00,高柳,35.8083,139.99898,0,Tobu,Tobu.TobuUrbanPark,TD-28
2019-07-16 14:00:00+09:00,豊春,35.96804,139.72619,0,Tobu,Tobu.TobuUrbanPark,TD-08
2019-07-16 14:00:00+09:00,豊四季,35.86653,139.93928,0,Tobu,Tobu.TobuUrbanPark,TD-23
2019-07-16 14:00:00+09:00,塚田,35.72212,139.9829,0,Tobu,Tobu.TobuUrbanPark,TD-33
2019-07-16 14:00:00+09:00,北池袋,35.74033,139.71639,0,Tobu,Tobu.Tojo,TJ-02
2019-07-16 14:00:00+09:00,梅郷,35.93158,139.89109,0,Tobu,Tobu.TobuUrbanPark,TD-18
2019-07-16 14:00:00+09:00,運河,35.91437,139.90604,0,Tobu,Tobu.TobuUrbanPark,TD-19
2019-07-16 14:00:00+09:00,八木崎,35.97858,139.7423,0,Tobu,Tobu.TobuUrbanPark,TD-09
2019-07-16 14:00:00+09:00,朝霞台,35.81434,139.5873,1,Tobu,Tobu.Tojo,TJ-13
2019-07-16 14:00:00+09:00,朝霞,35.79676,139.6003,0,Tobu,Tobu.Tojo,TJ-12
2019-07-16 14:00:00+09:00,ふじみ野,35.86075,139.52309,0,Tobu,Tobu.Tojo,TJ-18
2019-07-16 14:00:00+09:00,鉢形,36.11372,139.20863,0,Tobu,Tobu.Tojo,TJ-36
2019-07-16 14:00:00+09:00,東松山,36.03464,139.40158,0,Tobu,Tobu.Tojo,TJ-29
2019-07-16 14:00:00+09:00,池袋,35.73118,139.71117,1,Tobu,Tobu.Tojo,TJ-01
2019-07-16 14:00:00+09:00,上福岡,35.87387,139.51187,0,Tobu,Tobu.Tojo,TJ-19
2019-07-16 14:00:00+09:00,上板橋,35.76362,139.67621,0,Tobu,Tobu.Tojo,TJ-07
2019-07-16 14:00:00+09:00,霞ヶ関,35.92546,139.44385,0,Tobu,Tobu.Tojo,TJ-23
2019-07-16 14:00:00+09:00,川越市,35.91414,139.4771,0,Tobu,Tobu.Tojo,TJ-22
2019-07-16 14:00:00+09:00,川越,35.90735,139.48299,1,Tobu,Tobu.Tojo,TJ-21
2019-07-16 14:00:00+09:00,北坂戸,35.97198,139.39685,0,Tobu,Tobu.Tojo,TJ-27
2019-07-16 14:00:00+09:00,みずほ台,35.8382,139.55079,0,Tobu,Tobu.Tojo,TJ-16
2019-07-16 14:00:00+09:00,武蔵嵐山,36.04438,139.32774,0,Tobu,Tobu.Tojo,TJ-32
2019-07-16 14:00:00+09:00,中板橋,35.75628,139.69438,0,Tobu,Tobu.Tojo,TJ-05
2019-07-16 14:00:00+09:00,成増,35.77759,139.6329,0,Tobu,Tobu.Tojo,TJ-10
2019-07-16 14:00:00+09:00,男衾,36.10786,139.234,0,Tobu,Tobu.Tojo,TJ-35
2019-07-16 14:00:00+09:00,小川町,36.05873,139.26065,1,Tobu,Tobu.Tojo,TJ-33
2019-07-16 14:00:00+09:00,大山,35.74841,139.70262,0,Tobu,Tobu.Tojo,TJ-04
2019-07-16 14:00:00+09:00,坂戸,35.95724,139.39391,1,Tobu,Tobu.Tojo,TJ-26
2019-07-16 14:00:00+09:00,志木,35.82217,139.5753,0,Tobu,Tobu.Tojo,TJ-14
2019-07-16 14:00:00+09:00,下赤塚,35.77048,139.64485,0,Tobu,Tobu.Tojo,TJ-09
2019-07-16 14:00:00+09:00,下板橋,35.74507,139.71562,0,Tobu,Tobu.Tojo,TJ-03
2019-07-16 14:00:00+09:00,新河岸,35.89102,139.4973,0,Tobu,Tobu.Tojo,TJ-20
2019-07-16 14:00:00+09:00,森林公園,36.04516,139.37533,0,Tobu,Tobu.Tojo,TJ-30
2019-07-16 14:00:00+09:00,高坂,36.00293,139.39769,0,Tobu,Tobu.Tojo,TJ-28
2019-07-16 14:00:00+09:00,玉淀,36.11696,139.20019,0,Tobu,Tobu.Tojo,TJ-37
2019-07-16 14:00:00+09:00,東武練馬,35.76865,139.66254,0,Tobu,Tobu.Tojo,TJ-08
2019-07-16 14:00:00+09:00,東武竹沢,36.07525,139.23761,0,Tobu,Tobu.Tojo,TJ-34
2019-07-16 14:00:00+09:00,ときわ台,35.7589,139.68876,0,Tobu,Tobu.Tojo,TJ-06
2019-07-16 14:00:00+09:00,つきのわ,36.04352,139.34557,0,Tobu,Tobu.Tojo,TJ-31
2019-07-16 14:00:00+09:00,鶴ヶ島,35.93679,139.42391,0,Tobu,Tobu.Tojo,TJ-24
2019-07-16 14:00:00+09:00,鶴瀬,35.8457,139.53931,0,Tobu,Tobu.Tojo,TJ-17
2019-07-16 14:00:00+09:00,若葉,35.94907,139.40848,0,Tobu,Tobu.Tojo,TJ-25
2019-07-16 14:00:00+09:00,和光市,35.78835,139.61286,1,Tobu,Tobu.Tojo,TJ-11
2019-07-16 14:00:00+09:00,柳瀬川,35.83056,139.56246,0,Tobu,Tobu.Tojo,TJ-15
2019-07-16 14:00:00+09:00,寄居,36.11731,139.19368,1,Tobu,Tobu.Tojo,TJ-38
2019-07-16 14:00:00+09:00,江曽島,36.53096,139.86082,0,Tobu,Tobu.Utsunomiya,TN-38
2019-07-16 14:00:00+09:00,国谷,36.45145,139.82385,0,Tobu,Tobu.Utsunomiya,TN-34
2019-07-16 14:00:00+09:00,壬生,36.42243,139.80501,0,Tobu,Tobu.Utsunomiya,TN-33
2019-07-16 14:00:00+09:00,南宇都宮,36.54371,139.87195,0,Tobu,Tobu.Utsunomiya,TN-39
2019-07-16 14:00:00+09:00,西川田,36.51425,139.8503,0,Tobu,Tobu.Utsunomiya,TN-37
2019-07-16 14:00:00+09:00,おもちゃのまち,36.46674,139.82954,0,Tobu,Tobu.Utsunomiya,TN-35
2019-07-16 14:00:00+09:00,新栃木,36.39006,139.74235,1,Tobu,Tobu.Utsunomiya,TN-12
2019-07-16 14:00:00+09:00,東武宇都宮,36.55866,139.8806,1,Tobu,Tobu.Utsunomiya,TN-40
2019-07-16 14:00:00+09:00,野州平川,36.40156,139.75378,0,Tobu,Tobu.Utsunomiya,TN-31
2019-07-16 14:00:00+09:00,野州大塚,36.40877,139.77259,0,Tobu,Tobu.Utsunomiya,TN-32
2019-07-16 14:00:00+09:00,安塚,36.48565,139.83562,0,Tobu,Tobu.Utsunomiya,TN-36
2019-07-16 14:00:00+09:00,青葉台,35.542911,139.517349,0,Tokyu,Tokyu.DenEnToshi,DT20
2019-07-16 14:00:00+09:00,あざみ野,35.568561,139.553587,0,Tokyu,Tokyu.DenEnToshi,DT16
2019-07-16 14:00:00+09:00,中央林間,35.507369,139.444808,1,Tokyu,Tokyu.DenEnToshi,DT27
2019-07-16 14:00:00+09:00,江田,35.558529,139.551559,0,Tokyu,Tokyu.DenEnToshi,DT17
2019-07-16 14:00:00+09:00,藤が丘,35.543626,139.528023,0,Tokyu,Tokyu.DenEnToshi,DT19
2019-07-16 14:00:00+09:00,二子新地,35.607133,139.622419,1,Tokyu,Tokyu.DenEnToshi,DT8
2019-07-16 14:00:00+09:00,二子玉川,35.612226,139.627213,1,Tokyu,Tokyu.DenEnToshi,DT7
2019-07-16 14:00:00+09:00,市が尾,35.551402,139.54118,0,Tokyu,Tokyu.DenEnToshi,DT18
2019-07-16 14:00:00+09:00,池尻大橋,35.650526,139.683642,0,Tokyu,Tokyu.DenEnToshi,DT2
2019-07-16 14:00:00+09:00,梶が谷,35.593779,139.605694,0,Tokyu,Tokyu.DenEnToshi,DT11
2019-07-16 14:00:00+09:00,駒沢大学,35.634069,139.661652,0,Tokyu,Tokyu.DenEnToshi,DT4
2019-05-27 16:00:00+09:00,利府,38.32936,140.9846,0,JR-East,JR-East.Tohoku,
2019-07-16 14:00:00+09:00,南町田,35.511397,139.470751,0,Tokyu,Tokyu.DenEnToshi,DT25
2019-07-16 14:00:00+09:00,宮前平,35.584939,139.581552,0,Tokyu,Tokyu.DenEnToshi,DT13
2019-07-16 14:00:00+09:00,宮崎台,35.587537,139.591677,0,Tokyu,Tokyu.DenEnToshi,DT12
2019-07-16 14:00:00+09:00,溝の口,35.599964,139.610623,1,Tokyu,Tokyu.DenEnToshi,DT10
2019-07-16 14:00:00+09:00,長津田,35.532095,139.494485,1,Tokyu,Tokyu.DenEnToshi,DT22
2019-07-16 14:00:00+09:00,鷺沼,35.579526,139.572854,0,Tokyu,Tokyu.DenEnToshi,DT14
2019-05-27 16:00:00+09:00,石和温泉,35.65738,138.63436,0,JR-East,JR-East.Chuo,
2019-07-16 14:00:00+09:00,桜新町,35.631997,139.644971,0,Tokyu,Tokyu.DenEnToshi,DT5
2019-07-16 14:00:00+09:00,三軒茶屋,35.644148,139.669257,1,Tokyu,Tokyu.DenEnToshi,DT3
2019-07-16 14:00:00+09:00,渋谷,35.659299,139.701017,1,Tokyu,Tokyu.DenEnToshi,DT1
2019-07-16 14:00:00+09:00,すずかけ台,35.517427,139.482133,0,Tokyu,Tokyu.DenEnToshi,DT24
2019-07-16 14:00:00+09:00,高津,35.603062,139.61669,1,Tokyu,Tokyu.DenEnToshi,DT9
2019-07-16 14:00:00+09:00,たまプラーザ,35.577407,139.558583,0,Tokyu,Tokyu.DenEnToshi,DT15
2019-05-27 16:00:00+09:00,函南,,,0,JR-Central,JR-Central.Tokaido,
2019-07-16 14:00:00+09:00,田奈,35.536434,139.504835,0,Tokyu,Tokyu.DenEnToshi,DT21
2019-07-16 14:00:00+09:00,つきみ野,35.510318,139.458054,0,Tokyu,Tokyu.DenEnToshi,DT26
2019-07-16 14:00:00+09:00,つくし野,35.525317,139.484478,0,Tokyu,Tokyu.DenEnToshi,DT23
2019-07-16 14:00:00+09:00,用賀,35.626131,139.634183,0,Tokyu,Tokyu.DenEnToshi,DT6
2019-07-16 14:00:00+09:00,千鳥町,35.57278,139.691558,0,Tokyu,Tokyu.Ikegami,IK12
2019-07-16 14:00:00+09:00,荏原中延,35.610001,139.711985,0,Tokyu,Tokyu.Ikegami,IK4
2019-07-16 14:00:00+09:00,五反田,35.625591,139.724224,1,Tokyu,Tokyu.Ikegami,IK1
2019-07-16 14:00:00+09:00,蓮沼,35.564387,139.708594,0,Tokyu,Tokyu.Ikegami,IK14
2019-07-16 14:00:00+09:00,旗の台,35.604784,139.702896,1,Tokyu,Tokyu.Ikegami,IK5
2019-07-16 14:00:00+09:00,池上,35.572147,139.702896,0,Tokyu,Tokyu.Ikegami,IK13
2019-07-16 14:00:00+09:00,石川台,35.596999,139.685571,0,Tokyu,Tokyu.Ikegami,IK8
2019-07-16 14:00:00+09:00,蒲田,35.561687,139.71464,1,Tokyu,Tokyu.Ikegami,IK15
2019-07-16 14:00:00+09:00,久が原,35.579837,139.685347,0,Tokyu,Tokyu.Ikegami,IK11
2019-07-16 14:00:00+09:00,長原,35.602201,139.697689,0,Tokyu,Tokyu.Ikegami,IK6
2019-07-16 14:00:00+09:00,御嶽山,35.585344,139.682156,0,Tokyu,Tokyu.Ikegami,IK10
2019-07-16 14:00:00+09:00,大崎広小路,35.622722,139.722711,0,Tokyu,Tokyu.Ikegami,IK2
2019-07-16 14:00:00+09:00,洗足池,35.599929,139.691409,0,Tokyu,Tokyu.Ikegami,IK7
2019-07-16 14:00:00+09:00,戸越銀座,35.615775,139.714764,0,Tokyu,Tokyu.Ikegami,IK3
2019-07-16 14:00:00+09:00,雪が谷大塚,35.59201,139.680964,0,Tokyu,Tokyu.Ikegami,IK9
2019-07-16 14:00:00+09:00,こどもの国,35.558366,139.486418,0,Tokyu,Tokyu.Kodomonokuni,KD3
2019-07-16 14:00:00+09:00,長津田,35.532095,139.494486,1,Tokyu,Tokyu.Kodomonokuni,KD1
2019-07-16 14:00:00+09:00,恩田,35.545587,139.491938,0,Tokyu,Tokyu.Kodomonokuni,KD2
2019-07-16 14:00:00+09:00,田園調布,35.596893,139.66729,1,Tokyu,Tokyu.Meguro,MG8
2019-07-16 14:00:00+09:00,不動前,35.625773,139.713598,0,Tokyu,Tokyu.Meguro,MG2
2019-07-16 14:00:00+09:00,日吉,35.554181,139.647144,1,Tokyu,Tokyu.Meguro,MG13
2019-07-16 14:00:00+09:00,目黒,35.63297,139.715456,1,Tokyu,Tokyu.Meguro,MG1
2019-07-16 14:00:00+09:00,元住吉,35.56461,139.653993,1,Tokyu,Tokyu.Meguro,MG12
2019-07-16 14:00:00+09:00,武蔵小杉,35.575677,139.659579,1,Tokyu,Tokyu.Meguro,MG11
2019-07-16 14:00:00+09:00,武蔵小山,35.620654,139.704515,0,Tokyu,Tokyu.Meguro,MG3
2019-07-16 14:00:00+09:00,西小山,35.615743,139.698888,0,Tokyu,Tokyu.Meguro,MG4
2019-07-16 14:00:00+09:00,奥沢,35.603731,139.6721,0,Tokyu,Tokyu.Meguro,MG7
2019-07-16 14:00:00+09:00,大岡山,35.607487,139.685643,1,Tokyu,Tokyu.Meguro,MG6
2019-07-16 14:00:00+09:00,洗足,35.610303,139.694316,0,Tokyu,Tokyu.Meguro,MG5
2019-07-16 14:00:00+09:00,新丸子,35.580296,139.661941,1,Tokyu,Tokyu.Meguro,MG10
2019-07-16 14:00:00+09:00,多摩川,35.589219,139.668874,1,Tokyu,Tokyu.Meguro,MG9
2019-07-16 14:00:00+09:00,荏原町,35.603771,139.707904,0,Tokyu,Tokyu.Oimachi,OM5
2019-07-16 14:00:00+09:00,二子玉川,35.612226,139.627212,1,Tokyu,Tokyu.Oimachi,OM15
2019-07-16 14:00:00+09:00,旗の台,35.604784,139.702897,1,Tokyu,Tokyu.Oimachi,OM6
2019-07-16 14:00:00+09:00,自由が丘,35.607349,139.668532,1,Tokyu,Tokyu.Oimachi,OM10
2019-05-27 16:00:00+09:00,みどり湖,36.09398,137.9819,0,JR-East,JR-East.Chuo,
2019-07-16 14:00:00+09:00,上野毛,35.611844,139.639125,0,Tokyu,Tokyu.Oimachi,OM14
2019-07-16 14:00:00+09:00,北千束,35.606322,139.693215,0,Tokyu,Tokyu.Oimachi,OM7
2019-07-16 14:00:00+09:00,九品仏,35.605339,139.661468,0,Tokyu,Tokyu.Oimachi,OM11
2019-07-16 14:00:00+09:00,緑が丘,35.606455,139.679127,0,Tokyu,Tokyu.Oimachi,OM9
2019-07-16 14:00:00+09:00,溝の口,35.599964,139.610623,1,Tokyu,Tokyu.Oimachi,OM16
2019-07-16 14:00:00+09:00,中延,35.605673,139.712635,1,Tokyu,Tokyu.Oimachi,OM4
2019-07-16 14:00:00+09:00,大井町,35.60759,139.735066,1,Tokyu,Tokyu.Oimachi,OM1
2019-07-16 14:00:00+09:00,大岡山,35.607486,139.685642,1,Tokyu,Tokyu.Oimachi,OM8
2019-07-16 14:00:00+09:00,尾山台,35.607179,139.653401,0,Tokyu,Tokyu.Oimachi,OM12
2019-07-16 14:00:00+09:00,下神明,35.608815,139.726303,0,Tokyu,Tokyu.Oimachi,OM2
2019-07-16 14:00:00+09:00,等々力,35.608463,139.647552,0,Tokyu,Tokyu.Oimachi,OM13
2019-07-16 14:00:00+09:00,戸越公園,35.6088,139.71806,0,Tokyu,Tokyu.Oimachi,OM3
2019-07-16 14:00:00+09:00,上町,35.643417,139.646617,0,Tokyu,Tokyu.Setagaya,SG6
2019-07-16 14:00:00+09:00,松原,35.660059,139.642004,0,Tokyu,Tokyu.Setagaya,SG9
2019-07-16 14:00:00+09:00,宮の坂,35.647878,139.644941,0,Tokyu,Tokyu.Setagaya,SG7
2019-07-16 14:00:00+09:00,西太子堂,35.644844,139.666036,0,Tokyu,Tokyu.Setagaya,SG2
2019-07-16 14:00:00+09:00,世田谷,35.643463,139.650714,0,Tokyu,Tokyu.Setagaya,SG5
2019-07-16 14:00:00+09:00,下高井戸,35.666183,139.641381,1,Tokyu,Tokyu.Setagaya,SG10
2019-07-16 14:00:00+09:00,松陰神社前,35.643998,139.655242,0,Tokyu,Tokyu.Setagaya,SG4
2019-07-16 14:00:00+09:00,若林,35.646,139.659886,0,Tokyu,Tokyu.Setagaya,SG3
2019-07-16 14:00:00+09:00,山下,35.65386,139.646589,1,Tokyu,Tokyu.Setagaya,SG8
2019-07-16 14:00:00+09:00,蒲田,35.561687,139.71464,1,Tokyu,Tokyu.TokyuTamagawa,TM7
2019-07-16 14:00:00+09:00,武蔵新田,35.567942,139.692265,0,Tokyu,Tokyu.TokyuTamagawa,TM5
2019-07-16 14:00:00+09:00,沼部,35.582398,139.673246,0,Tokyu,Tokyu.TokyuTamagawa,TM2
2019-07-16 14:00:00+09:00,下丸子,35.571169,139.685759,0,Tokyu,Tokyu.TokyuTamagawa,TM4
2019-07-16 14:00:00+09:00,多摩川,35.589219,139.668873,1,Tokyu,Tokyu.TokyuTamagawa,TM1
2019-07-16 14:00:00+09:00,鵜の木,35.575263,139.680629,0,Tokyu,Tokyu.TokyuTamagawa,TM3
2019-07-16 14:00:00+09:00,矢口渡,35.562017,139.700086,0,Tokyu,Tokyu.TokyuTamagawa,TM6
2019-07-16 14:00:00+09:00,代官山,35.648043,139.703084,0,Tokyu,Tokyu.Toyoko,TY2
2019-07-16 14:00:00+09:00,田園調布,35.596893,139.667289,1,Tokyu,Tokyu.Toyoko,TY8
2019-07-16 14:00:00+09:00,学芸大学,35.628969,139.685394,0,Tokyu,Tokyu.Toyoko,TY5
2019-07-16 14:00:00+09:00,白楽,35.489052,139.628419,0,Tokyu,Tokyu.Toyoko,TY18
2019-07-16 14:00:00+09:00,東白楽,35.48332,139.629486,0,Tokyu,Tokyu.Toyoko,TY19
2019-07-16 14:00:00+09:00,日吉,35.554181,139.647144,1,Tokyu,Tokyu.Toyoko,TY13
2019-07-16 14:00:00+09:00,自由が丘,35.60735,139.668532,1,Tokyu,Tokyu.Toyoko,TY7
2019-07-16 14:00:00+09:00,菊名,35.509906,139.631133,1,Tokyu,Tokyu.Toyoko,TY16
2019-07-16 14:00:00+09:00,元住吉,35.564609,139.653993,1,Tokyu,Tokyu.Toyoko,TY12
2019-07-16 14:00:00+09:00,武蔵小杉,35.575677,139.659578,1,Tokyu,Tokyu.Toyoko,TY11
2019-07-16 14:00:00+09:00,妙蓮寺,35.498474,139.63315,0,Tokyu,Tokyu.Toyoko,TY17
2019-07-16 14:00:00+09:00,中目黒,35.64431,139.699116,1,Tokyu,Tokyu.Toyoko,TY3
2019-07-16 14:00:00+09:00,大倉山,35.521883,139.629947,0,Tokyu,Tokyu.Toyoko,TY15
2019-07-16 14:00:00+09:00,渋谷,35.6593,139.701018,1,Tokyu,Tokyu.Toyoko,TY1
2019-07-16 14:00:00+09:00,新丸子,35.580296,139.661941,1,Tokyu,Tokyu.Toyoko,TY10
2019-05-27 16:00:00+09:00,三島,,,0,JR-Central,JR-Central.Tokaido,
2019-07-16 14:00:00+09:00,多摩川,35.589219,139.668873,1,Tokyu,Tokyu.Toyoko,TY9
2019-07-16 14:00:00+09:00,反町,35.474718,139.625248,0,Tokyu,Tokyu.Toyoko,TY20
2019-07-16 14:00:00+09:00,都立大学,35.617187,139.675951,0,Tokyu,Tokyu.Toyoko,TY6
2019-05-27 16:00:00+09:00,長坂,35.82707,138.36632,0,JR-East,JR-East.Chuo,
2019-07-16 14:00:00+09:00,綱島,35.536462,139.634543,0,Tokyu,Tokyu.Toyoko,TY14
2019-07-16 14:00:00+09:00,横浜,35.466419,139.622203,1,Tokyu,Tokyu.Toyoko,TY21
2019-07-16 14:00:00+09:00,祐天寺,35.637482,139.690894,0,Tokyu,Tokyu.Toyoko,TY4
2019-07-16 14:00:00+09:00,国際展示場,35.63457,139.79163,1,TWR,TWR.Rinkai,R3
2019-07-16 14:00:00+09:00,大井町,35.60741,139.73474,1,TWR,TWR.Rinkai,R7
2019-07-16 14:00:00+09:00,大崎,35.62002,139.7282,1,TWR,TWR.Rinkai,R8
2019-07-16 14:00:00+09:00,新木場,35.64604,139.82678,1,TWR,TWR.Rinkai,R1
2019-07-16 14:00:00+09:00,品川シーサイド,35.60897,139.74967,0,TWR,TWR.Rinkai,R6
2019-07-16 14:00:00+09:00,東雲,35.6406,139.80328,0,TWR,TWR.Rinkai,R2
2019-07-16 14:00:00+09:00,天王洲アイル,35.62038,139.75084,1,TWR,TWR.Rinkai,R5
2019-07-16 14:00:00+09:00,東京テレポート,35.62754,139.77885,0,TWR,TWR.Rinkai,R4
2019-05-27 16:00:00+09:00,韮崎,35.70959,138.45132,0,JR-East,JR-East.Chuo,
2019-07-16 14:00:00+09:00,青海,35.62479,139.78131,0,Yurikamome,Yurikamome.Yurikamome,U10
2019-07-16 14:00:00+09:00,有明テニスの森,35.63998,139.78887,0,Yurikamome,Yurikamome.Yurikamome,U13
2019-07-16 14:00:00+09:00,有明,35.63468,139.79325,0,Yurikamome,Yurikamome.Yurikamome,U12
2019-07-16 14:00:00+09:00,台場,35.62591,139.77142,0,Yurikamome,Yurikamome.Yurikamome,U7
2019-07-16 14:00:00+09:00,日の出,35.64923,139.75908,0,Yurikamome,Yurikamome.Yurikamome,U4
2019-05-27 16:00:00+09:00,沼津,,,0,JR-Central,JR-Central.Tokaido,
2019-07-16 14:00:00+09:00,お台場海浜公園,35.6299,139.77878,0,Yurikamome,Yurikamome.Yurikamome,U6
2019-07-16 14:00:00+09:00,芝浦ふ頭,35.64178,139.75781,0,Yurikamome,Yurikamome.Yurikamome,U5
2019-07-16 14:00:00+09:00,市場前,35.64569,139.78565,0,Yurikamome,Yurikamome.Yurikamome,U14
2019-07-16 14:00:00+09:00,新橋,35.66554,139.75964,1,Yurikamome,Yurikamome.Yurikamome,U1
2019-07-16 14:00:00+09:00,新豊洲,35.64871,139.79001,0,Yurikamome,Yurikamome.Yurikamome,U15
2019-07-16 14:00:00+09:00,汐留,35.66281,139.75983,1,Yurikamome,Yurikamome.Yurikamome,U2
2019-07-16 14:00:00+09:00,竹芝,35.654,139.76192,0,Yurikamome,Yurikamome.Yurikamome,U3
2019-07-16 14:00:00+09:00,テレコムセンター,35.61756,139.77939,0,Yurikamome,Yurikamome.Yurikamome,U9
2019-05-27 16:00:00+09:00,岡谷,36.05648,138.04495,1,JR-East,JR-East.Chuo,
2019-07-16 14:00:00+09:00,東京ビッグサイト,35.63025,139.79134,0,Yurikamome,Yurikamome.Yurikamome,U11
2019-07-16 14:00:00+09:00,東京国際クルーズターミナル,35.62135,139.77309,0,Yurikamome,Yurikamome.Yurikamome,U8
2019-07-16 14:00:00+09:00,豊洲,35.65374,139.79546,1,Yurikamome,Yurikamome.Yurikamome,U16
2019-04-25 15:00:00+09:00,唐木田,35.61582,139.41112,0,kyu,Odakyu.Tama,OT07
2019-05-27 16:00:00+09:00,大月,35.61323,138.94267,1,JR-East,JR-East.Chuo,
2019-05-27 16:00:00+09:00,竜王,35.66849,138.5191,0,JR-East,JR-East.Chuo,
2019-04-25 15:00:00+09:00,長後,35.41251,139.46543,0,kyu,Odakyu.Enoshima,OE08
2019-04-25 15:00:00+09:00,中央林間,35.50755,139.4441,1,kyu,Odakyu.Enoshima,OE02
2019-04-25 15:00:00+09:00,藤沢本町,35.34812,139.47601,0,kyu,Odakyu.Enoshima,OE12
2019-04-25 15:00:00+09:00,柿生,35.58965,139.4976,0,kyu,Odakyu.Odawara,OH24
2019-04-25 15:00:00+09:00,藤沢,35.33859,139.48764,1,kyu,Odakyu.Enoshima,OE13
2019-04-25 15:00:00+09:00,東林間,35.52051,139.4389,0,kyu,Odakyu.Enoshima,OE01
2019-04-25 15:00:00+09:00,本鵠沼,35.331,139.47528,0,kyu,Odakyu.Enoshima,OE14
2019-04-25 15:00:00+09:00,片瀬江ノ島,35.30906,139.48321,0,kyu,Odakyu.Enoshima,OE16
2019-04-25 15:00:00+09:00,高座渋谷,35.43231,139.46467,0,kyu,Odakyu.Enoshima,OE07
2019-04-25 15:00:00+09:00,鵠沼海岸,35.32086,139.47118,0,kyu,Odakyu.Enoshima,OE15
2019-04-25 15:00:00+09:00,南林間,35.49573,139.44799,0,kyu,Odakyu.Enoshima,OE03
2019-04-25 15:00:00+09:00,六会日大前,35.38358,139.47083,0,kyu,Odakyu.Enoshima,OE10
2019-04-25 15:00:00+09:00,相模大野,35.53199,139.43762,1,kyu,Odakyu.Enoshima,OH28
2019-04-25 15:00:00+09:00,桜ヶ丘,35.45056,139.46574,0,kyu,Odakyu.Enoshima,OE06
2019-04-25 15:00:00+09:00,湘南台,35.39631,139.46657,0,kyu,Odakyu.Enoshima,OE09
2019-04-25 15:00:00+09:00,鶴間,35.49021,139.45084,0,kyu,Odakyu.Enoshima,OE04
2019-04-25 15:00:00+09:00,大和,35.46991,139.4614,0,kyu,Odakyu.Enoshima,OE05
2019-04-25 15:00:00+09:00,善行,35.36279,139.47325,0,kyu,Odakyu.Enoshima,OE11
2019-04-25 15:00:00+09:00,愛甲石田,35.41764,139.34394,0,kyu,Odakyu.Odawara,OH35
2019-04-25 15:00:00+09:00,足柄,35.27181,139.15445,0,kyu,Odakyu.Odawara,OH46
2019-04-25 15:00:00+09:00,厚木,35.44307,139.37783,1,kyu,Odakyu.Odawara,OH33
2019-04-25 15:00:00+09:00,千歳船橋,35.64742,139.62401,0,kyu,Odakyu.Odawara,OH12
2019-04-25 15:00:00+09:00,海老名,35.4527,139.3909,1,kyu,Odakyu.Odawara,OH32
2019-04-25 15:00:00+09:00,豪徳寺,35.65374,139.64735,1,kyu,Odakyu.Odawara,OH10
2019-04-25 15:00:00+09:00,秦野,35.37025,139.22577,0,kyu,Odakyu.Odawara,OH39
2019-04-25 15:00:00+09:00,東北沢,35.6656,139.67322,0,kyu,Odakyu.Odawara,OH06
2019-04-25 15:00:00+09:00,本厚木,35.43936,139.36429,0,kyu,Odakyu.Odawara,OH34
2019-04-25 15:00:00+09:00,螢田,35.28506,139.15197,0,kyu,Odakyu.Odawara,OH45
2019-04-25 15:00:00+09:00,生田,35.61501,139.54221,0,kyu,Odakyu.Odawara,OH20
2019-04-25 15:00:00+09:00,伊勢原,35.396,139.31351,0,kyu,Odakyu.Odawara,OH36
2019-04-25 15:00:00+09:00,和泉多摩川,35.62748,139.57369,0,kyu,Odakyu.Odawara,OH17
2019-04-25 15:00:00+09:00,開成,35.32627,139.13606,0,kyu,Odakyu.Odawara,OH42
2019-04-25 15:00:00+09:00,栢山,35.31059,139.14254,0,kyu,Odakyu.Odawara,OH43
2019-04-25 15:00:00+09:00,喜多見,35.63651,139.58686,0,kyu,Odakyu.Odawara,OH15
2019-04-25 15:00:00+09:00,狛江,35.63216,139.57726,0,kyu,Odakyu.Odawara,OH16
2019-04-25 15:00:00+09:00,経堂,35.65125,139.63662,0,kyu,Odakyu.Odawara,OH11
2019-04-25 15:00:00+09:00,町田,35.54394,139.44517,1,kyu,Odakyu.Odawara,OH27
2019-04-25 15:00:00+09:00,南新宿,35.68347,139.69851,0,kyu,Odakyu.Odawara,OH02
2019-04-25 15:00:00+09:00,向ヶ丘遊園,35.61721,139.56452,0,kyu,Odakyu.Odawara,OH19
2019-04-25 15:00:00+09:00,登戸,35.62104,139.56945,1,kyu,Odakyu.Odawara,OH18
2019-04-25 15:00:00+09:00,小田急相模原,35.51513,139.4226,0,kyu,Odakyu.Odawara,OH29
2019-04-25 15:00:00+09:00,小田原,35.25642,139.15491,1,kyu,Odakyu.Odawara,OH47
2019-04-25 15:00:00+09:00,相模大野,35.53199,139.43762,1,kyu,Odakyu.Odawara,OH28
2019-04-25 15:00:00+09:00,参宮橋,35.67871,139.69355,0,kyu,Odakyu.Odawara,OH03
2019-04-25 15:00:00+09:00,鶴川,35.58306,139.48136,0,kyu,Odakyu.Odawara,OH25
2019-04-25 15:00:00+09:00,成城学園前,35.64015,139.59916,0,kyu,Odakyu.Odawara,OH14
2019-04-25 15:00:00+09:00,世田谷代田,35.65808,139.66101,0,kyu,Odakyu.Odawara,OH08
2019-04-25 15:00:00+09:00,渋沢,35.37415,139.18451,0,kyu,Odakyu.Odawara,OH40
2019-04-25 15:00:00+09:00,代々木八幡,35.66948,139.68863,0,kyu,Odakyu.Odawara,OH04
2019-04-25 15:00:00+09:00,下北沢,35.66165,139.66757,1,kyu,Odakyu.Odawara,OH07
2019-04-25 15:00:00+09:00,新松田,35.34476,139.13965,0,kyu,Odakyu.Odawara,OH41
2019-04-25 15:00:00+09:00,新百合ヶ丘,35.60384,139.50772,1,kyu,Odakyu.Odawara,OH23
2019-04-25 15:00:00+09:00,新宿,35.69088,139.69955,1,kyu,Odakyu.Odawara,OH01
2019-05-27 16:00:00+09:00,信濃境,35.88484,138.27522,0,JR-East,JR-East.Chuo,
2019-04-25 15:00:00+09:00,相武台前,35.49913,139.4084,0,kyu,Odakyu.Odawara,OH30
2019-04-25 15:00:00+09:00,祖師ヶ谷大蔵,35.64327,139.60971,0,kyu,Odakyu.Odawara,OH13
2019-04-25 15:00:00+09:00,玉川学園前,35.56332,139.46332,0,kyu,Odakyu.Odawara,OH26
2019-04-25 15:00:00+09:00,東海大学前,35.37314,139.27123,0,kyu,Odakyu.Odawara,OH38
2019-04-25 15:00:00+09:00,富水,35.29657,139.14518,0,kyu,Odakyu.Odawara,OH44
2019-04-25 15:00:00+09:00,鶴巻温泉,35.38094,139.27775,0,kyu,Odakyu.Odawara,OH37
2019-04-25 15:00:00+09:00,梅ヶ丘,35.65602,139.6536,0,kyu,Odakyu.Odawara,OH09
2019-04-25 15:00:00+09:00,読売ランド前,35.61477,139.5279,0,kyu,Odakyu.Odawara,OH21
2019-04-25 15:00:00+09:00,黒川,35.61306,139.47089,0,kyu,Odakyu.Tama,OT03
2019-04-25 15:00:00+09:00,代々木上原,35.66906,139.67968,1,kyu,Odakyu.Odawara,OH05
2019-04-25 15:00:00+09:00,百合ヶ丘,35.60906,139.51618,0,kyu,Odakyu.Odawara,OH22
2019-04-25 15:00:00+09:00,座間,35.48069,139.39993,0,kyu,Odakyu.Odawara,OH31
2019-04-25 15:00:00+09:00,はるひ野,35.61888,139.46453,0,kyu,Odakyu.Tama,OT04
2019-04-25 15:00:00+09:00,栗平,35.60599,139.4809,0,kyu,Odakyu.Tama,OT02
2019-04-25 15:00:00+09:00,小田急永山,35.62987,139.4483,0,kyu,Odakyu.Tama,OT05
2019-04-25 15:00:00+09:00,小田急多摩センター,35.62495,139.42443,0,kyu,Odakyu.Tama,OT06
2019-04-25 15:00:00+09:00,五月台,35.60014,139.49365,0,kyu,Odakyu.Tama,OT01
2019-04-25 15:00:00+09:00,新百合ヶ丘,35.60384,139.50772,1,kyu,Odakyu.Tama,OH23
2019-05-27 16:00:00+09:00,甲斐大和,35.63933,138.78157,0,JR-East,JR-East.Chuo,
2019-05-27 16:00:00+09:00,上諏訪,36.04677,138.11606,0,JR-East,JR-East.Chuo,
2019-05-27 16:00:00+09:00,塩山,35.70515,138.73463,0,JR-East,JR-East.Chuo,
2019-05-27 16:00:00+09:00,富士見,35.91206,138.238,0,JR-East,JR-East.Chuo,
2019-05-27 16:00:00+09:00,藤野,35.61601,139.15127,0,JR-East,JR-East.Chuo,
2019-05-27 16:00:00+09:00,初狩,35.59406,138.88351,0,JR-East,JR-East.Chuo,
2019-05-27 16:00:00+09:00,東山梨,35.69432,138.70297,0,JR-East,JR-East.Chuo,
2019-05-27 16:00:00+09:00,長野原草津口,36.54649,138.64958,0,JR-East,JR-East.Agatsuma,
2019-05-27 16:00:00+09:00,喜多方,37.64385,139.86834,0,JR-East,JR-East.BanetsuWest,
2019-05-27 16:00:00+09:00,穴山,35.7507,138.41382,0,JR-East,JR-East.Chuo,
2019-05-27 16:00:00+09:00,青柳,35.94261,138.19745,0,JR-East,JR-East.Chuo,
2019-05-27 16:00:00+09:00,茅野,35.99483,138.15189,0,JR-East,JR-East.Chuo,
2019-05-27 16:00:00+09:00,塩尻,36.11453,137.94774,1,JR-East,JR-East.Chuo,
2019-05-27 16:00:00+09:00,四方津,35.61406,139.07349,0,JR-East,JR-East.Chuo,
2019-05-27 16:00:00+09:00,塩崎,35.68765,138.48799,0,JR-East,JR-East.Chuo,
2019-05-27 16:00:00+09:00,すずらんの里,35.93047,138.21179,0,JR-East,JR-East.Chuo,
2019-05-27 16:00:00+09:00,高尾,35.6424,139.28264,1,JR-East,JR-East.Chuo,
2019-05-27 16:00:00+09:00,鳥沢,35.60818,139.00319,0,JR-East,JR-East.Chuo,
2019-05-27 16:00:00+09:00,上野原,35.61823,139.11516,0,JR-East,JR-East.Chuo,
2019-05-27 16:00:00+09:00,山梨市,35.68488,138.68297,0,JR-East,JR-East.Chuo,
2019-05-27 16:00:00+09:00,梁川,35.60601,139.03711,0,JR-East,JR-East.Chuo,
2019-05-27 16:00:00+09:00,日光,36.74728,139.62201,1,JR-East,JR-East.Nikko,
2019-05-27 16:00:00+09:00,阿佐ケ谷,35.70462,139.63566,1,JR-East,JR-East.ChuoRapid,JC08
2019-05-27 16:00:00+09:00,八王子,35.65545,139.33903,1,JR-East,JR-East.ChuoRapid,JC22
2019-05-27 16:00:00+09:00,東小金井,35.70156,139.52373,0,JR-East,JR-East.ChuoRapid,JC14
2019-05-27 16:00:00+09:00,日野,35.67851,139.39346,0,JR-East,JR-East.ChuoRapid,JC20
2019-05-27 16:00:00+09:00,神田,35.69157,139.77065,1,JR-East,JR-East.ChuoRapid,JC02
2019-05-27 16:00:00+09:00,吉祥寺,35.70295,139.57984,1,JR-East,JR-East.ChuoRapid,JC11
2019-05-27 16:00:00+09:00,下野大沢,36.68674,139.73228,0,JR-East,JR-East.Nikko,
2019-05-27 16:00:00+09:00,高円寺,35.70518,139.64955,1,JR-East,JR-East.ChuoRapid,JC07
2019-05-27 16:00:00+09:00,仁井田,36.65703,140.02948,0,JR-East,JR-East.Karasuyama,
2019-05-27 16:00:00+09:00,国分寺,35.6999,139.48096,1,JR-East,JR-East.ChuoRapid,JC16
2019-05-27 16:00:00+09:00,国立,35.69906,139.44651,0,JR-East,JR-East.ChuoRapid,JC18
2019-05-27 16:00:00+09:00,三鷹,35.70268,139.56067,1,JR-East,JR-East.ChuoRapid,JC12
2019-05-27 16:00:00+09:00,武蔵小金井,35.70101,139.50595,0,JR-East,JR-East.ChuoRapid,JC15
2019-05-27 16:00:00+09:00,武蔵境,35.70184,139.54345,1,JR-East,JR-East.ChuoRapid,JC13
2019-05-27 16:00:00+09:00,中野,35.70573,139.66594,1,JR-East,JR-East.ChuoRapid,JC06
2019-05-27 16:00:00+09:00,大金,36.65619,140.09559,0,JR-East,JR-East.Karasuyama,
2019-05-27 16:00:00+09:00,西八王子,35.65601,139.31181,0,JR-East,JR-East.ChuoRapid,JC23
2019-05-27 16:00:00+09:00,西国分寺,35.69962,139.46596,1,JR-East,JR-East.ChuoRapid,JC17
2019-05-27 16:00:00+09:00,西荻窪,35.70351,139.59928,1,JR-East,JR-East.ChuoRapid,JC10
2019-05-27 16:00:00+09:00,御茶ノ水,35.69935,139.7651,1,JR-East,JR-East.ChuoRapid,JC03
2019-05-27 16:00:00+09:00,明覚,36.00347,139.28929,0,JR-East,JR-East.Hachiko,
2019-05-27 16:00:00+09:00,荻窪,35.70434,139.62011,1,JR-East,JR-East.ChuoRapid,JC09
2019-05-27 16:00:00+09:00,新宿,35.69018,139.70038,1,JR-East,JR-East.ChuoRapid,JC05
2019-05-27 16:00:00+09:00,立川,35.69795,139.41374,1,JR-East,JR-East.ChuoRapid,JC19
2019-05-27 16:00:00+09:00,高尾,35.6424,139.28264,1,JR-East,JR-East.ChuoRapid,JC24
2019-05-27 16:00:00+09:00,東京,35.6813,139.76704,1,JR-East,JR-East.ChuoRapid,JC01
2019-05-27 16:00:00+09:00,豊田,35.65934,139.38124,0,JR-East,JR-East.ChuoRapid,JC21
2019-05-27 16:00:00+09:00,四ツ谷,35.6849,139.73038,1,JR-East,JR-East.ChuoRapid,JC04
2019-05-27 16:00:00+09:00,秋葉原,35.69824,139.77288,1,JR-East,JR-East.ChuoSobuLocal,JB19
2019-05-27 16:00:00+09:00,阿佐ケ谷,35.70462,139.63566,1,JR-East,JR-East.ChuoSobuLocal,JB05
2019-05-27 16:00:00+09:00,浅草橋,35.6974,139.78399,1,JR-East,JR-East.ChuoSobuLocal,JB20
2019-05-27 16:00:00+09:00,千葉,35.61353,140.11257,1,JR-East,JR-East.ChuoSobuLocal,JB39
2019-05-27 16:00:00+09:00,船橋,35.70158,139.9848,1,JR-East,JR-East.ChuoSobuLocal,JB31
2019-05-27 16:00:00+09:00,東船橋,35.69963,140.00397,0,JR-East,JR-East.ChuoSobuLocal,JB32
2019-05-27 16:00:00+09:00,東中野,35.70601,139.68483,1,JR-East,JR-East.ChuoSobuLocal,JB08
2019-05-27 16:00:00+09:00,平井,35.70629,139.84231,0,JR-East,JR-East.ChuoSobuLocal,JB24
2019-05-27 16:00:00+09:00,市ケ谷,35.69102,139.7351,1,JR-East,JR-East.ChuoSobuLocal,JB15
2019-05-27 16:00:00+09:00,市川,35.72879,139.90786,1,JR-East,JR-East.ChuoSobuLocal,JB27
2019-05-27 16:00:00+09:00,飯田橋,35.70157,139.74482,1,JR-East,JR-East.ChuoSobuLocal,JB16
2019-05-27 16:00:00+09:00,稲毛,35.63714,140.09257,1,JR-East,JR-East.ChuoSobuLocal,JB37
2019-05-27 16:00:00+09:00,亀戸,35.69713,139.82648,1,JR-East,JR-East.ChuoSobuLocal,JB23
2019-05-27 16:00:00+09:00,吉祥寺,35.70295,139.57984,1,JR-East,JR-East.ChuoSobuLocal,JB02
2019-05-27 16:00:00+09:00,錦糸町,35.69657,139.81398,1,JR-East,JR-East.ChuoSobuLocal,JB22
2019-05-27 16:00:00+09:00,高円寺,35.70518,139.64955,1,JR-East,JR-East.ChuoSobuLocal,JB06
2019-05-27 16:00:00+09:00,小岩,35.73324,139.88175,0,JR-East,JR-East.ChuoSobuLocal,JB26
2019-05-27 16:00:00+09:00,幕張本郷,35.67297,140.04174,1,JR-East,JR-East.ChuoSobuLocal,JB34
2019-05-27 16:00:00+09:00,幕張,35.65936,140.05758,0,JR-East,JR-East.ChuoSobuLocal,JB35
2019-05-27 16:00:00+09:00,南小谷,36.77445,137.90827,0,JR-East,JR-East.Oito,
2019-05-27 16:00:00+09:00,三鷹,35.70268,139.56067,1,JR-East,JR-East.ChuoSobuLocal,JB01
2019-05-27 16:00:00+09:00,本八幡,35.72074,139.92731,1,JR-East,JR-East.ChuoSobuLocal,JB28
2019-05-27 16:00:00+09:00,中野,35.70573,139.66594,1,JR-East,JR-East.ChuoSobuLocal,JB07
2019-05-27 16:00:00+09:00,西千葉,35.6227,140.10313,0,JR-East,JR-East.ChuoSobuLocal,JB38
2019-05-27 16:00:00+09:00,鶴田,36.5382,139.85817,0,JR-East,JR-East.Nikko,
2019-05-27 16:00:00+09:00,西船橋,35.70713,139.95925,1,JR-East,JR-East.ChuoSobuLocal,JB30
2019-05-27 16:00:00+09:00,箱根ケ崎,35.77183,139.34652,0,JR-East,JR-East.Hachiko,
2019-05-27 16:00:00+09:00,西荻窪,35.70351,139.59928,1,JR-East,JR-East.ChuoSobuLocal,JB03
2019-05-27 16:00:00+09:00,御茶ノ水,35.69935,139.7651,1,JR-East,JR-East.ChuoSobuLocal,JB18
2019-05-27 16:00:00+09:00,荻窪,35.70434,139.62011,1,JR-East,JR-East.ChuoSobuLocal,JB04
2019-05-27 16:00:00+09:00,大久保,35.70046,139.69733,0,JR-East,JR-East.ChuoSobuLocal,JB09
2019-05-27 16:00:00+09:00,両国,35.69574,139.79315,1,JR-East,JR-East.ChuoSobuLocal,JB21
2019-05-27 16:00:00+09:00,千駄ケ谷,35.68119,139.71153,0,JR-East,JR-East.ChuoSobuLocal,JB12
2019-05-27 16:00:00+09:00,下総中山,35.71407,139.94286,0,JR-East,JR-East.ChuoSobuLocal,JB29
2019-05-27 16:00:00+09:00,新検見川,35.65185,140.07331,0,JR-East,JR-East.ChuoSobuLocal,JB36
2019-05-27 16:00:00+09:00,新小岩,35.71685,139.85787,1,JR-East,JR-East.ChuoSobuLocal,JB25
2019-05-27 16:00:00+09:00,信濃町,35.67991,139.72094,0,JR-East,JR-East.ChuoSobuLocal,JB13
2019-05-27 16:00:00+09:00,新宿,35.69018,139.70038,1,JR-East,JR-East.ChuoSobuLocal,JB10
2019-05-27 16:00:00+09:00,水道橋,35.70207,139.75341,1,JR-East,JR-East.ChuoSobuLocal,JB17
2019-05-27 16:00:00+09:00,津田沼,35.6913,140.02008,1,JR-East,JR-East.ChuoSobuLocal,JB33
2019-05-27 16:00:00+09:00,四ツ谷,35.6849,139.73038,1,JR-East,JR-East.ChuoSobuLocal,JB14
2019-05-27 16:00:00+09:00,代々木,35.68352,139.70205,1,JR-East,JR-East.ChuoSobuLocal,JB11
2019-05-27 16:00:00+09:00,群馬藤岡,36.2501,139.08319,0,JR-East,JR-East.Hachiko,
2019-05-27 16:00:00+09:00,八王子,35.65545,139.33903,1,JR-East,JR-East.Hachiko,
2019-05-27 16:00:00+09:00,井野,36.35731,139.02291,1,JR-East,JR-East.Ryomo,
2019-05-27 16:00:00+09:00,拝島,35.72128,139.34347,1,JR-East,JR-East.Hachiko,
2019-05-27 16:00:00+09:00,熱海,35.10356,139.07768,1,JR-East,JR-East.Ito,
2019-05-27 16:00:00+09:00,東福生,35.74572,139.33569,0,JR-East,JR-East.Hachiko,
2019-05-27 16:00:00+09:00,東飯能,35.85293,139.32596,1,JR-East,JR-East.Hachiko,
2019-05-27 16:00:00+09:00,金子,35.81071,139.32846,0,JR-East,JR-East.Hachiko,
2019-05-27 16:00:00+09:00,北藤岡,36.28267,139.0805,0,JR-East,JR-East.Hachiko,
2019-05-27 16:00:00+09:00,北八王子,35.66906,139.36319,0,JR-East,JR-East.Hachiko,
2019-05-27 16:00:00+09:00,児玉,36.19261,139.13569,0,JR-East,JR-East.Hachiko,
2019-05-27 16:00:00+09:00,高麗川,35.89626,139.3379,1,JR-East,JR-East.Hachiko,
2019-05-27 16:00:00+09:00,小宮,35.68573,139.36847,0,JR-East,JR-East.Hachiko,
2019-05-27 16:00:00+09:00,倉賀野,36.30009,139.04958,1,JR-East,JR-East.Hachiko,
2019-05-27 16:00:00+09:00,松久,36.17289,139.1818,0,JR-East,JR-East.Hachiko,
2019-05-27 16:00:00+09:00,毛呂,35.9407,139.30902,0,JR-East,JR-East.Hachiko,
2019-05-27 16:00:00+09:00,小川町,36.05874,139.26068,1,JR-East,JR-East.Hachiko,
2019-05-27 16:00:00+09:00,越生,35.96264,139.29902,1,JR-East,JR-East.Hachiko,
2019-05-27 16:00:00+09:00,折原,36.09596,139.19513,0,JR-East,JR-East.Hachiko,
2019-05-27 16:00:00+09:00,高崎,36.32204,139.01264,1,JR-East,JR-East.Hachiko,
2019-05-27 16:00:00+09:00,竹沢,36.0754,139.22985,0,JR-East,JR-East.Hachiko,
2019-05-27 16:00:00+09:00,丹荘,36.21673,139.10226,0,JR-East,JR-East.Hachiko,
2019-05-27 16:00:00+09:00,用土,36.15398,139.20072,0,JR-East,JR-East.Hachiko,
2019-05-27 16:00:00+09:00,寄居,36.11762,139.19319,1,JR-East,JR-East.Hachiko,
2019-05-27 16:00:00+09:00,網代,35.04329,139.08102,0,JR-East,JR-East.Ito,
2019-05-27 16:00:00+09:00,伊東,34.97469,139.09185,1,JR-East,JR-East.Ito,
2019-05-27 16:00:00+09:00,伊豆多賀,35.0594,139.06685,0,JR-East,JR-East.Ito,
2019-05-27 16:00:00+09:00,来宮,35.09856,139.06546,0,JR-East,JR-East.Ito,
2019-05-27 16:00:00+09:00,宇佐美,35.00524,139.07991,0,JR-East,JR-East.Ito,
2019-05-27 16:00:00+09:00,秋川,35.72794,139.2868,0,JR-East,JR-East.Itsukaichi,JC83
2019-05-27 16:00:00+09:00,拝島,35.72128,139.34347,1,JR-East,JR-East.Itsukaichi,JC55
2019-05-27 16:00:00+09:00,東秋留,35.72572,139.3118,0,JR-East,JR-East.Itsukaichi,JC82
2019-05-27 16:00:00+09:00,熊川,35.72822,139.33569,0,JR-East,JR-East.Itsukaichi,JC81
2019-05-27 16:00:00+09:00,武蔵引田,35.72961,139.26958,0,JR-East,JR-East.Itsukaichi,JC84
2019-05-27 16:00:00+09:00,武蔵五日市,35.73183,139.2282,0,JR-East,JR-East.Itsukaichi,JC86
2019-05-27 16:00:00+09:00,武蔵増戸,35.73072,139.25625,0,JR-East,JR-East.Itsukaichi,JC85
2019-05-27 16:00:00+09:00,赤塚,36.38179,140.41529,0,JR-East,JR-East.Joban,
2019-05-27 16:00:00+09:00,荒川沖,36.03071,140.16588,0,JR-East,JR-East.Joban,
2019-05-27 16:00:00+09:00,藤代,35.92059,140.11819,0,JR-East,JR-East.Joban,
2019-05-27 16:00:00+09:00,双葉,37.45388,141.00583,0,JR-East,JR-East.Joban,
2019-05-27 16:00:00+09:00,浜吉田,38.00217,140.8899,0,JR-East,JR-East.Joban,
2019-05-27 16:00:00+09:00,原ノ町,37.63805,140.97102,0,JR-East,JR-East.Joban,
2019-05-27 16:00:00+09:00,羽鳥,36.24763,140.2867,0,JR-East,JR-East.Joban,
2019-05-27 16:00:00+09:00,広野,37.21143,140.99854,0,JR-East,JR-East.Joban,
2019-05-27 16:00:00+09:00,久ノ浜,37.14255,140.99549,0,JR-East,JR-East.Joban,
2019-05-27 16:00:00+09:00,常陸多賀,36.55205,140.63249,0,JR-East,JR-East.Joban,
2019-05-27 16:00:00+09:00,ひたち野うしく,36.00738,140.15839,0,JR-East,JR-East.Joban,
2019-05-27 16:00:00+09:00,日立,36.59038,140.66165,0,JR-East,JR-East.Joban,
2019-05-27 16:00:00+09:00,石岡,36.19153,140.27948,0,JR-East,JR-East.Joban,
2019-05-27 16:00:00+09:00,磯原,36.79036,140.74608,0,JR-East,JR-East.Joban,
2019-05-27 16:00:00+09:00,磐城太田,37.605,140.99158,0,JR-East,JR-East.Joban,
2019-05-27 16:00:00+09:00,いわき,37.05811,140.89217,0,JR-East,JR-East.Joban,
2019-05-27 16:00:00+09:00,岩間,36.29541,140.27614,0,JR-East,JR-East.Joban,
2019-05-27 16:00:00+09:00,岩沼,38.11188,140.86351,0,JR-East,JR-East.Joban,
2019-05-27 16:00:00+09:00,泉,36.95563,140.85412,0,JR-East,JR-East.Joban,
2019-05-27 16:00:00+09:00,十王,36.67121,140.68581,0,JR-East,JR-East.Joban,
2019-05-27 16:00:00+09:00,偕楽園,36.3729,140.45612,0,JR-East,JR-East.Joban,
2019-05-27 16:00:00+09:00,神立,36.12043,140.24837,0,JR-East,JR-East.Joban,
2019-05-27 16:00:00+09:00,鹿島,37.70277,140.96991,0,JR-East,JR-East.Joban,
2019-05-27 16:00:00+09:00,勝田,36.39401,140.52389,0,JR-East,JR-East.Joban,
2019-05-27 16:00:00+09:00,木戸,37.25754,141.00243,0,JR-East,JR-East.Joban,
2019-05-27 16:00:00+09:00,駒ケ嶺,37.84247,140.92491,0,JR-East,JR-East.Joban,
2019-05-27 16:00:00+09:00,草野,37.07367,140.94688,0,JR-East,JR-East.Joban,
2019-05-27 16:00:00+09:00,南中郷,36.75342,140.72886,0,JR-East,JR-East.Joban,
2019-05-27 16:00:00+09:00,南仙台,38.19715,140.88323,0,JR-East,JR-East.Joban,
2019-05-27 16:00:00+09:00,水戸,36.37068,140.47612,1,JR-East,JR-East.Joban,
2019-05-27 16:00:00+09:00,桃内,37.52862,140.98408,0,JR-East,JR-East.Joban,
2019-05-27 16:00:00+09:00,長町,38.22687,140.886,0,JR-East,JR-East.Joban,
2019-05-27 16:00:00+09:00,勿来,36.88369,140.78635,0,JR-East,JR-East.Joban,
2019-05-27 16:00:00+09:00,浪江,37.49223,140.98964,0,JR-East,JR-East.Joban,
2019-05-27 16:00:00+09:00,名取,38.17299,140.88267,0,JR-East,JR-East.Joban,
2019-05-27 16:00:00+09:00,日立木,37.75581,140.93463,0,JR-East,JR-East.Joban,
2019-05-27 16:00:00+09:00,小高,37.56278,140.99602,0,JR-East,JR-East.Joban,
2019-05-27 16:00:00+09:00,小木津,36.63677,140.67526,0,JR-East,JR-East.Joban,
2019-05-27 16:00:00+09:00,逢隈,38.06772,140.85462,0,JR-East,JR-East.Joban,
2019-05-27 16:00:00+09:00,大甕,36.51289,140.61916,0,JR-East,JR-East.Joban,
2019-05-27 16:00:00+09:00,大野,37.40919,140.98409,0,JR-East,JR-East.Joban,
2019-05-27 16:00:00+09:00,大津港,36.84591,140.77774,0,JR-East,JR-East.Joban,
2019-05-27 16:00:00+09:00,坂元,37.924361,140.901083,0,JR-East,JR-East.Joban,
2019-05-27 16:00:00+09:00,佐貫,35.92961,140.13784,0,JR-East,JR-East.Joban,
2019-05-27 16:00:00+09:00,佐和,36.4304,140.54028,0,JR-East,JR-East.Joban,
2019-05-27 16:00:00+09:00,仙台,38.25992,140.88239,0,JR-East,JR-East.Joban,
2019-05-27 16:00:00+09:00,新地,37.879222,140.925667,0,JR-East,JR-East.Joban,
2019-05-27 16:00:00+09:00,相馬,37.80259,140.92569,0,JR-East,JR-East.Joban,
2019-05-27 16:00:00+09:00,末続,37.17227,140.99576,0,JR-East,JR-East.Joban,
2019-05-27 16:00:00+09:00,太子堂,38.2177,140.88323,0,JR-East,JR-East.Joban,
2019-05-27 16:00:00+09:00,高萩,36.71461,140.71701,0,JR-East,JR-East.Joban,
2019-05-27 16:00:00+09:00,高浜,36.16348,140.2942,0,JR-East,JR-East.Joban,
2019-05-27 16:00:00+09:00,館腰,38.14311,140.88022,0,JR-East,JR-East.Joban,
2019-05-27 16:00:00+09:00,竜田,37.28226,141.0027,0,JR-East,JR-East.Joban,
2019-05-27 16:00:00+09:00,東海,36.4654,140.56583,0,JR-East,JR-East.Joban,
2019-05-27 16:00:00+09:00,富岡,37.33428,141.02288,0,JR-East,JR-East.Joban,
2019-05-27 16:00:00+09:00,友部,36.3504,140.30558,0,JR-East,JR-East.Joban,
2019-05-27 16:00:00+09:00,取手,35.89545,140.06284,1,JR-East,JR-East.Joban,
2019-05-27 16:00:00+09:00,土浦,36.07853,140.2062,0,JR-East,JR-East.Joban,
2019-05-27 16:00:00+09:00,内郷,37.03589,140.85467,0,JR-East,JR-East.Joban,
2019-05-27 16:00:00+09:00,内原,36.37012,140.35252,0,JR-East,JR-East.Joban,
2019-05-27 16:00:00+09:00,植田,36.9208,140.79652,0,JR-East,JR-East.Joban,
2019-05-27 16:00:00+09:00,牛久,35.97488,140.14061,0,JR-East,JR-East.Joban,
2019-05-27 16:00:00+09:00,亘理,38.03967,140.86129,0,JR-East,JR-East.Joban,
2019-05-27 16:00:00+09:00,山下,37.966083,140.889444,0,JR-East,JR-East.Joban,
2019-05-27 16:00:00+09:00,夜ノ森,37.36586,140.99187,0,JR-East,JR-East.Joban,
2019-05-27 16:00:00+09:00,四ツ倉,37.10228,140.98077,0,JR-East,JR-East.Joban,
2019-05-27 16:00:00+09:00,湯本,37.00673,140.84967,0,JR-East,JR-East.Joban,
2019-05-27 16:00:00+09:00,我孫子,35.87267,140.01063,1,JR-East,JR-East.JobanLocal,JL30
2019-05-27 16:00:00+09:00,綾瀬,35.76212,139.82481,1,JR-East,JR-East.JobanLocal,JL19
2019-05-27 16:00:00+09:00,亀有,35.76629,139.84731,0,JR-East,JR-East.JobanLocal,JL20
2019-05-27 16:00:00+09:00,金町,35.76934,139.87009,0,JR-East,JR-East.JobanLocal,JL21
2019-05-27 16:00:00+09:00,柏,35.86184,139.97091,1,JR-East,JR-East.JobanLocal,JL28
2019-05-27 16:00:00+09:00,北柏,35.87545,139.98785,0,JR-East,JR-East.JobanLocal,JL29
2019-05-27 16:00:00+09:00,北小金,35.83295,139.93063,0,JR-East,JR-East.JobanLocal,JL26
2019-05-27 16:00:00+09:00,北松戸,35.80045,139.91147,0,JR-East,JR-East.JobanLocal,JL23
2019-05-27 16:00:00+09:00,馬橋,35.81128,139.91703,0,JR-East,JR-East.JobanLocal,JL24
2019-05-27 16:00:00+09:00,鹿島サッカースタジアム,35.99251,140.63615,0,JR-East,JR-East.Kashima,
2019-05-27 16:00:00+09:00,松戸,35.78434,139.90064,1,JR-East,JR-East.JobanLocal,JL22
2019-05-27 16:00:00+09:00,宝積寺,36.63147,139.97949,1,JR-East,JR-East.Karasuyama,
2019-05-27 16:00:00+09:00,南柏,35.84462,139.95424,0,JR-East,JR-East.JobanLocal,JL27
2019-05-27 16:00:00+09:00,鴻野山,36.66619,140.0517,0,JR-East,JR-East.Karasuyama,
2019-05-27 16:00:00+09:00,新松戸,35.82545,139.92091,1,JR-East,JR-East.JobanLocal,JL25
2019-05-27 16:00:00+09:00,天王台,35.87239,140.0409,1,JR-East,JR-East.JobanLocal,JL31
2019-05-27 16:00:00+09:00,取手,35.89545,140.06284,1,JR-East,JR-East.JobanLocal,JL32
2019-05-27 16:00:00+09:00,我孫子,35.87267,140.01063,1,JR-East,JR-East.JobanRapid,JJ08
2019-05-27 16:00:00+09:00,柏,35.86184,139.97091,1,JR-East,JR-East.JobanRapid,JJ07
2019-05-27 16:00:00+09:00,北千住,35.7499,139.80482,1,JR-East,JR-East.JobanRapid,JJ05
2019-05-27 16:00:00+09:00,岩舟,36.3265,139.65786,0,JR-East,JR-East.Ryomo,
2019-05-27 16:00:00+09:00,松戸,35.78434,139.90064,1,JR-East,JR-East.JobanRapid,JJ06
2019-05-27 16:00:00+09:00,三河島,35.73323,139.77676,0,JR-East,JR-East.JobanRapid,JJ03
2019-05-27 16:00:00+09:00,南千住,35.73407,139.79926,1,JR-East,JR-East.JobanRapid,JJ04
2019-05-27 16:00:00+09:00,高麗川,35.89626,139.3379,1,JR-East,JR-East.Kawagoe,
2019-05-27 16:00:00+09:00,日暮里,35.72712,139.77093,1,JR-East,JR-East.JobanRapid,JJ02
2019-05-27 16:00:00+09:00,新橋,35.6663,139.75788,1,JR-East,JR-East.JobanRapid,
2019-05-27 16:00:00+09:00,品川,35.6288,139.73871,1,JR-East,JR-East.JobanRapid,
2019-05-27 16:00:00+09:00,天王台,35.87239,140.0409,1,JR-East,JR-East.JobanRapid,JJ09
2019-05-27 16:00:00+09:00,東京,35.6813,139.76704,1,JR-East,JR-East.JobanRapid,
2019-05-27 16:00:00+09:00,取手,35.89545,140.06284,1,JR-East,JR-East.JobanRapid,JJ10
2019-05-27 16:00:00+09:00,上野,35.71351,139.77676,1,JR-East,JR-East.JobanRapid,JJ01
2019-05-27 16:00:00+09:00,烏山,36.65009,140.15475,0,JR-East,JR-East.Karasuyama,
2019-05-27 16:00:00+09:00,小塙,36.64286,140.11642,0,JR-East,JR-East.Karasuyama,
2019-05-27 16:00:00+09:00,下野花岡,36.6498,140.00837,0,JR-East,JR-East.Karasuyama,
2019-05-27 16:00:00+09:00,滝,36.64871,140.13817,0,JR-East,JR-East.Karasuyama,
2019-05-27 16:00:00+09:00,潮来,35.9374,140.54974,0,JR-East,JR-East.Kashima,
2019-05-27 16:00:00+09:00,十二橋,35.91733,140.54574,0,JR-East,JR-East.Kashima,
2019-05-27 16:00:00+09:00,鹿島神宮,35.9707,140.62599,0,JR-East,JR-East.Kashima,
2019-05-27 16:00:00+09:00,香取,35.89768,140.53225,1,JR-East,JR-East.Kashima,
2019-05-27 16:00:00+09:00,岩宿,36.39592,139.29705,0,JR-East,JR-East.Ryomo,
2019-05-27 16:00:00+09:00,延方,35.95795,140.58863,0,JR-East,JR-East.Kashima,
2019-05-27 16:00:00+09:00,佐原,35.8949,140.49364,1,JR-East,JR-East.Kashima,
2019-05-27 16:00:00+09:00,笠幡,35.90737,139.40623,0,JR-East,JR-East.Kawagoe,
2019-05-27 16:00:00+09:00,川越,35.90654,139.48317,1,JR-East,JR-East.Kawagoe,
2019-05-27 16:00:00+09:00,伊勢崎,36.32676,139.19318,1,JR-East,JR-East.Ryomo,
2019-05-27 16:00:00+09:00,的場,35.91737,139.4354,0,JR-East,JR-East.Kawagoe,
2019-05-27 16:00:00+09:00,武蔵高萩,35.90154,139.37096,0,JR-East,JR-East.Kawagoe,
2019-05-27 16:00:00+09:00,西川越,35.91904,139.45984,0,JR-East,JR-East.Kawagoe,
2019-05-27 16:00:00+09:00,赤羽,35.77767,139.72093,1,JR-East,JR-East.KeihinTohokuNegishi,JK38
2019-05-27 16:00:00+09:00,秋葉原,35.69824,139.77288,1,JR-East,JR-East.KeihinTohokuNegishi,JK28
2019-05-27 16:00:00+09:00,浜松町,35.65546,139.75705,1,JR-East,JR-East.KeihinTohokuNegishi,JK23
2019-05-27 16:00:00+09:00,東十条,35.76378,139.72677,0,JR-East,JR-East.KeihinTohokuNegishi,JK37
2019-05-27 16:00:00+09:00,東神奈川,35.4777,139.63317,1,JR-East,JR-East.KeihinTohokuNegishi,JK13
2019-05-27 16:00:00+09:00,本郷台,35.36771,139.54985,0,JR-East,JR-East.KeihinTohokuNegishi,JK02
2019-05-27 16:00:00+09:00,石川町,35.43854,139.64317,0,JR-East,JR-East.KeihinTohokuNegishi,JK09
2019-05-27 16:00:00+09:00,磯子,35.40049,139.61818,0,JR-East,JR-East.KeihinTohokuNegishi,JK06
2019-05-27 16:00:00+09:00,蒲田,35.56214,139.71566,1,JR-East,JR-East.KeihinTohokuNegishi,JK17
2019-05-27 16:00:00+09:00,上中里,35.74684,139.74593,0,JR-East,JR-East.KeihinTohokuNegishi,JK35
2019-05-27 16:00:00+09:00,神田,35.69157,139.77065,1,JR-East,JR-East.KeihinTohokuNegishi,JK27
2019-05-27 16:00:00+09:00,関内,35.4441,139.63595,0,JR-East,JR-East.KeihinTohokuNegishi,JK10
2019-05-27 16:00:00+09:00,川口,35.80156,139.71732,0,JR-East,JR-East.KeihinTohokuNegishi,JK39
2019-05-27 16:00:00+09:00,川崎,35.53131,139.69678,1,JR-East,JR-East.KeihinTohokuNegishi,JK16
2019-05-27 16:00:00+09:00,北浦和,35.8721,139.64594,0,JR-East,JR-East.KeihinTohokuNegishi,JK44
2019-05-27 16:00:00+09:00,港南台,35.37521,139.57624,0,JR-East,JR-East.KeihinTohokuNegishi,JK03
2019-05-27 16:00:00+09:00,南浦和,35.84766,139.66899,1,JR-East,JR-East.KeihinTohokuNegishi,JK42
2019-05-27 16:00:00+09:00,根岸,35.41577,139.63595,0,JR-East,JR-East.KeihinTohokuNegishi,JK07
2019-05-27 16:00:00+09:00,日暮里,35.72712,139.77093,1,JR-East,JR-East.KeihinTohokuNegishi,JK32
2019-05-27 16:00:00+09:00,西川口,35.81544,139.70399,0,JR-East,JR-East.KeihinTohokuNegishi,JK40
2019-05-27 16:00:00+09:00,西日暮里,35.73184,139.76676,1,JR-East,JR-East.KeihinTohokuNegishi,JK33
2019-05-27 16:00:00+09:00,大船,35.35383,139.53124,1,JR-East,JR-East.KeihinTohokuNegishi,JK01
2019-05-27 16:00:00+09:00,大井町,35.60658,139.73483,1,JR-East,JR-East.KeihinTohokuNegishi,JK19
2019-05-27 16:00:00+09:00,王子,35.75212,139.73815,1,JR-East,JR-East.KeihinTohokuNegishi,JK36
2019-05-27 16:00:00+09:00,御徒町,35.70713,139.77454,1,JR-East,JR-East.KeihinTohokuNegishi,JK29
2019-05-27 16:00:00+09:00,大宮,35.90627,139.62427,1,JR-East,JR-East.KeihinTohokuNegishi,JK47
2019-05-27 16:00:00+09:00,大森,35.5888,139.72788,0,JR-East,JR-East.KeihinTohokuNegishi,JK18
2019-05-27 16:00:00+09:00,さいたま新都心,35.89377,139.63344,1,JR-East,JR-East.KeihinTohokuNegishi,JK46
2019-05-27 16:00:00+09:00,桜木町,35.45076,139.63095,0,JR-East,JR-East.KeihinTohokuNegishi,JK11
2019-05-27 16:00:00+09:00,新橋,35.6663,139.75788,1,JR-East,JR-East.KeihinTohokuNegishi,JK24
2019-05-27 16:00:00+09:00,新子安,35.48687,139.65401,1,JR-East,JR-East.KeihinTohokuNegishi,JK14
2019-05-27 16:00:00+09:00,新杉田,35.38716,139.61929,0,JR-East,JR-East.KeihinTohokuNegishi,JK05
2019-05-27 16:00:00+09:00,品川,35.6288,139.73871,1,JR-East,JR-East.KeihinTohokuNegishi,JK20
2019-05-27 16:00:00+09:00,田端,35.7374,139.76149,1,JR-East,JR-East.KeihinTohokuNegishi,JK34
2019-05-27 16:00:00+09:00,田町,35.64574,139.7476,1,JR-East,JR-East.KeihinTohokuNegishi,JK22
2019-05-27 16:00:00+09:00,東京,35.6813,139.76704,1,JR-East,JR-East.KeihinTohokuNegishi,JK26
2019-05-27 16:00:00+09:00,鶴見,35.50826,139.67595,1,JR-East,JR-East.KeihinTohokuNegishi,JK15
2019-05-27 16:00:00+09:00,上野,35.71351,139.77676,1,JR-East,JR-East.KeihinTohokuNegishi,JK30
2019-05-27 16:00:00+09:00,小山,36.31261,139.80618,1,JR-East,JR-East.Ryomo,
2019-05-27 16:00:00+09:00,鶯谷,35.72129,139.77787,1,JR-East,JR-East.KeihinTohokuNegishi,JK31
2019-05-27 16:00:00+09:00,八丁堀,35.67462,139.77799,1,JR-East,JR-East.Keiyo,JE02
2019-05-27 16:00:00+09:00,浦和,35.85849,139.65732,1,JR-East,JR-East.KeihinTohokuNegishi,JK43
2019-05-27 16:00:00+09:00,桐生,36.41037,139.33316,0,JR-East,JR-East.Ryomo,
2019-05-27 16:00:00+09:00,蕨,35.82803,139.6905,0,JR-East,JR-East.KeihinTohokuNegishi,JK41
2019-05-27 16:00:00+09:00,山手,35.42689,139.6464,0,JR-East,JR-East.KeihinTohokuNegishi,JK08
2019-05-27 16:00:00+09:00,洋光台,35.37855,139.59679,0,JR-East,JR-East.KeihinTohokuNegishi,JK04
2019-05-27 16:00:00+09:00,舞浜,35.63603,139.8837,0,JR-East,JR-East.Keiyo,JE07
2019-05-27 16:00:00+09:00,市川塩浜,35.6663,139.92314,0,JR-East,JR-East.Keiyo,JE09
2019-05-27 16:00:00+09:00,横浜,35.46576,139.62234,1,JR-East,JR-East.KeihinTohokuNegishi,JK12
2019-05-27 16:00:00+09:00,与野,35.88432,139.63899,0,JR-East,JR-East.KeihinTohokuNegishi,JK45
2019-05-27 16:00:00+09:00,有楽町,35.67491,139.76288,1,JR-East,JR-East.KeihinTohokuNegishi,JK25
2019-05-27 16:00:00+09:00,千葉みなと,35.60681,140.10275,0,JR-East,JR-East.Keiyo,JE16
2019-05-27 16:00:00+09:00,越中島,35.66713,139.79315,0,JR-East,JR-East.Keiyo,JE03
2019-05-27 16:00:00+09:00,二俣新町,35.69102,139.95925,0,JR-East,JR-East.Keiyo,JE10
2019-05-27 16:00:00+09:00,稲毛海岸,35.62936,140.07369,0,JR-East,JR-East.Keiyo,JE15
2019-05-27 16:00:00+09:00,祇園,35.39133,139.94815,0,JR-East,JR-East.Kururi,
2019-05-27 16:00:00+09:00,海浜幕張,35.64853,140.04174,0,JR-East,JR-East.Keiyo,JE13
2019-05-27 16:00:00+09:00,葛西臨海公園,35.64436,139.86148,0,JR-East,JR-East.Keiyo,JE06
2019-05-27 16:00:00+09:00,検見川浜,35.63714,140.05897,0,JR-East,JR-East.Keiyo,JE14
2019-05-27 16:00:00+09:00,南船橋,35.68158,139.99564,0,JR-East,JR-East.Keiyo,JE11
2019-05-27 16:00:00+09:00,上総松丘,35.25802,140.06398,0,JR-East,JR-East.Kururi,
2019-05-27 16:00:00+09:00,西船橋,35.70713,139.95925,1,JR-East,JR-East.Keiyo,
2019-05-27 16:00:00+09:00,駒形,36.35398,139.13957,0,JR-East,JR-East.Ryomo,
2019-05-27 16:00:00+09:00,新木場,35.64602,139.82648,1,JR-East,JR-East.Keiyo,JE05
2019-05-27 16:00:00+09:00,新習志野,35.66714,140.01286,0,JR-East,JR-East.Keiyo,JE12
2019-05-27 16:00:00+09:00,新浦安,35.64936,139.91231,0,JR-East,JR-East.Keiyo,JE08
2019-05-27 16:00:00+09:00,潮見,35.6588,139.81676,0,JR-East,JR-East.Keiyo,JE04
2019-05-27 16:00:00+09:00,蘇我,35.58215,140.13063,1,JR-East,JR-East.Keiyo,
2019-05-27 16:00:00+09:00,東京,35.6813,139.76704,1,JR-East,JR-East.Keiyo,JE01
2019-05-27 16:00:00+09:00,国定,36.35898,139.24234,0,JR-East,JR-East.Ryomo,
2019-05-27 16:00:00+09:00,東清川,35.38994,139.98565,0,JR-East,JR-East.Kururi,
2019-05-27 16:00:00+09:00,東横田,35.38606,140.03592,0,JR-East,JR-East.Kururi,
2019-05-27 16:00:00+09:00,平山,35.27413,140.06453,0,JR-East,JR-East.Kururi,
2019-05-27 16:00:00+09:00,上総亀山,35.23302,140.08926,0,JR-East,JR-East.Kururi,
2019-05-27 16:00:00+09:00,上総清川,35.39078,139.96537,0,JR-East,JR-East.Kururi,
2019-05-27 16:00:00+09:00,木更津,35.38161,139.92593,1,JR-East,JR-East.Kururi,
2019-05-27 16:00:00+09:00,久留里,35.29551,140.07537,0,JR-East,JR-East.Kururi,
2019-05-27 16:00:00+09:00,馬来田,35.36662,140.05842,0,JR-East,JR-East.Kururi,
2019-05-27 16:00:00+09:00,小櫃,35.32801,140.05981,0,JR-East,JR-East.Kururi,
2019-05-27 16:00:00+09:00,下郡,35.35495,140.05537,0,JR-East,JR-East.Kururi,
2019-05-27 16:00:00+09:00,俵田,35.31461,140.0614,0,JR-East,JR-East.Kururi,
2019-05-27 16:00:00+09:00,横田,35.38606,140.02009,0,JR-East,JR-East.Kururi,
2019-05-27 16:00:00+09:00,前橋大島,36.37073,139.10933,0,JR-East,JR-East.Ryomo,
2019-05-27 16:00:00+09:00,府中本町,35.66573,139.47707,1,JR-East,JR-East.Musashino,JM35
2019-05-27 16:00:00+09:00,船橋法典,35.73018,139.96675,0,JR-East,JR-East.Musashino,JM11
2019-05-27 16:00:00+09:00,東川口,35.87516,139.74398,1,JR-East,JR-East.Musashino,JM23
2019-05-27 16:00:00+09:00,佐野,36.3165,139.57898,1,JR-East,JR-East.Ryomo,
2019-05-27 16:00:00+09:00,東松戸,35.7699,139.94258,1,JR-East,JR-East.Musashino,JM13
2019-05-27 16:00:00+09:00,東所沢,35.79489,139.51428,0,JR-East,JR-East.Musashino,JM30
2019-05-27 16:00:00+09:00,東浦和,35.86377,139.70426,0,JR-East,JR-East.Musashino,JM24
2019-05-27 16:00:00+09:00,前橋,36.38314,139.07263,0,JR-East,JR-East.Ryomo,
2019-05-27 16:00:00+09:00,市川大野,35.75518,139.95147,0,JR-East,JR-East.Musashino,JM12
2019-05-27 16:00:00+09:00,北朝霞,35.81544,139.58733,1,JR-East,JR-East.Musashino,JM28
2019-05-27 16:00:00+09:00,北府中,35.68073,139.47179,0,JR-East,JR-East.Musashino,JM34
2019-05-27 16:00:00+09:00,越谷レイクタウン,35.87638,139.82214,0,JR-East,JR-East.Musashino,JM21
2019-05-27 16:00:00+09:00,南越谷,35.876,139.79092,1,JR-East,JR-East.Musashino,JM22
